source,source_label,thickness_um,nt,available,qc_pass,qc_reason,cce_percent,positive_peak_nA,negative_peak_nA,reverse_peak_ratio,dropped_initial_points
20kev,20 keV,5.0,0,True,True,,73.85651291192212,2.8770392670362,0.0002069301668,7.192469326745422e-05,6
20kev,20 keV,5.0,1e12,True,True,,73.85781659293609,2.8770950850632,0.00019782110900000001,6.875723712678566e-05,6
20kev,20 keV,5.0,1e13,True,True,,73.88304686448227,2.8775163490206004,0.00020395986419999998,7.088052315303798e-05,6
20kev,20 keV,5.0,2.5e13,True,True,,73.81898747525003,2.8779466250745998,0.0002006194912,6.970924667332901e-05,6
20kev,20 keV,5.0,5e13,True,True,,73.78168929267196,2.8782357874944,0.0001986156464,6.900603740074455e-05,6
20kev,20 keV,8.0,0,True,True,,73.92668463363367,2.8640278572454,0.00013364450342,4.666312971848614e-05,6
20kev,20 keV,8.0,1e12,True,True,,73.92156940670796,2.8641013245748,0.0001339582682,4.6771483624060405e-05,6
20kev,20 keV,8.0,1e13,True,True,,73.88408625569741,2.8643414709551998,0.000134172342953,4.6842300163414614e-05,6
20kev,20 keV,8.0,2.5e13,True,True,,73.82452533867878,2.8634433052144,0.00013558294106999998,4.7349616045514206e-05,6
20kev,20 keV,8.0,5e13,True,True,,73.72851606429148,2.8595722162934,0.00013588333865,4.751876447664366e-05,6
20kev,20 keV,10.0,0,True,True,,73.84359920323044,2.828584751352,9.899362245999999e-05,3.4997580472949686e-05,6
20kev,20 keV,10.0,1e12,True,True,,73.83735682441478,2.8284226985242,0.00010005097744,3.5373417662149334e-05,6
20kev,20 keV,10.0,1e13,True,True,,73.77992120579239,2.8259897132858,0.00010162882423,3.5962206002454053e-05,6
20kev,20 keV,10.0,2.5e13,True,True,,73.69069702626882,2.8191330467321998,0.00010308057112,3.6564635088608504e-05,6
20kev,20 keV,10.0,5e13,True,True,,73.54348782795945,2.802741360528,0.00014077980199999997,5.0229323327029677e-05,6
20kev,20 keV,20.0,0,True,True,,73.92645494845534,2.5112530200992,4.50450712e-05,1.7937289010495892e-05,6
20kev,20 keV,20.0,1e12,True,True,,73.90774327550658,2.5018313428192,4.60082913e-05,1.838984527556336e-05,6
20kev,20 keV,20.0,1e13,True,True,,73.75071999248162,2.3884977280278004,5.364269869999999e-05,2.2458760613640252e-05,6
20kev,20 keV,20.0,2.5e13,True,True,,73.47758058311582,2.160592143857,5.6875444699999996e-05,2.63240079168613e-05,6
20kev,20 keV,20.0,5e13,True,True,,72.90444724309052,1.8830341012446004,4.29890254e-05,2.2829658460027996e-05,6
20kev,20 keV,30.0,0,True,True,,73.9331629150994,2.20703696275382,3.670964868e-05,1.6633001304244447e-05,6
20kev,20 keV,30.0,1e12,True,True,,73.90631940149062,2.18663865584922,3.643340805000001e-05,1.666183297022637e-05,6
20kev,20 keV,30.0,1e13,True,True,,73.66944627216262,1.9461326592621997,4.30523368e-05,2.2121994919052238e-05,6
20kev,20 keV,30.0,2.5e13,True,True,,73.11398996762682,1.66386886442006,4.713623407e-05,2.8329296303305303e-05,6
20kev,20 keV,30.0,5e13,True,True,,71.32637017982357,1.4401496483362002,3.70605278e-05,2.5733803318853633e-05,6
20kev,20 keV,40.0,0,True,True,,73.8061399163401,1.92579285172336,2.2477519540000006e-05,1.1671826240234117e-05,6
20kev,20 keV,40.0,1e12,True,True,,73.7709088419818,1.90500229040102,2.2902253079999996e-05,1.202216564011525e-05,6
20kev,20 keV,40.0,1e13,True,True,,73.4290831914981,1.6785949147396,3.1434739999999995e-05,1.8726817127809816e-05,6
20kev,20 keV,40.0,2.5e13,True,True,,71.15426350967701,1.430017006171,3.1963273999999995e-05,2.2351674044481858e-05,6
20kev,20 keV,40.0,5e13,True,True,,60.82533047075411,1.2268238228576,3.2865245399999994e-05,2.678888752212854e-05,6
20kev,20 keV,50.0,0,True,True,,73.8669450048785,1.8272360504024001,2.06334086e-05,1.129214180918554e-05,6
20kev,20 keV,50.0,1e12,True,True,,73.82619176912402,1.8154249045465,2.1545225999999996e-05,1.1867869580307467e-05,6
20kev,20 keV,50.0,1e13,True,True,,73.3742243396577,1.6046723177799198,2.6933712680000004e-05,1.6784556187311228e-05,6
20kev,20 keV,50.0,2.5e13,True,True,,62.90816738986021,1.3533718775868,2.89480242e-05,2.138955646959155e-05,6
20kev,20 keV,50.0,5e13,True,True,,51.424510039756605,1.1443477704141998,3.12276348e-05,2.7288587968932795e-05,6
20kev,20 keV,60.0,0,True,True,,73.97742236428566,1.75890769134978,2.4498640119999997e-05,1.3928326222281638e-05,6
20kev,20 keV,60.0,1e12,True,True,,73.934401524072,1.75474880255082,2.2226855880000004e-05,1.2666688159404674e-05,6
20kev,20 keV,60.0,1e13,True,True,,72.91885724657452,1.5564525150406,2.7719668399999997e-05,1.780951756133526e-05,6
20kev,20 keV,60.0,2.5e13,True,True,,55.856264067162776,1.3048436235782401,3.816406896e-05,2.924800203670661e-05,6
20kev,20 keV,60.0,5e13,True,True,,46.21228953945708,1.0908760926338,2.9722412200000005e-05,2.7246368676243075e-05,6
20kev,20 keV,70.0,0,True,True,,74.02789132944741,1.7090390205774202,6.610805658e-05,3.8681420250817074e-05,6
20kev,20 keV,70.0,1e12,True,True,,73.98214653899475,1.71027850921666,2.6075427507e-05,1.5246304836598244e-05,6
20kev,20 keV,70.0,1e13,True,True,,69.49794971933535,1.52355156122616,2.4477345640000002e-05,1.6065977852630428e-05,6
20kev,20 keV,70.0,2.5e13,True,True,,51.708539823294586,1.27270968388794,3.471415976000001e-05,2.727578818600121e-05,6
20kev,20 keV,70.0,5e13,True,True,,42.86009429232015,1.0556111905821999,2.75932878e-05,2.613963175663334e-05,6
20kev,20 keV,80.0,0,True,True,,73.8301493227776,1.640669607182,2.261311199e-05,1.3782855421354507e-05,6
20kev,20 keV,80.0,1e12,True,True,,73.78119789374415,1.64936311462478,2.3443130770999998e-05,1.4213444306551726e-05,6
20kev,20 keV,80.0,1e13,True,True,,63.4483622086174,1.46945644072258,2.1670796319999996e-05,1.474749146653422e-05,6
20kev,20 keV,80.0,2.5e13,True,True,,48.38883799133149,1.22551230085472,2.1792152880000005e-05,1.7782076005929364e-05,6
20kev,20 keV,80.0,5e13,True,True,,39.93640047626508,1.0115329683677998,3.84938112e-05,3.8054924954263476e-05,6
20kev,20 keV,90.0,0,True,True,,73.93697351872486,1.6076655267159798,2.2231206470999997e-05,1.3828253515152658e-05,6
20kev,20 keV,90.0,1e12,True,True,,73.88516597021439,1.62133223409094,2.3555611940000002e-05,1.4528553398685328e-05,6
20kev,20 keV,90.0,1e13,True,True,,60.15980304435067,1.4488903032058997,3.1370994100000004e-05,2.165173859648774e-05,6
20kev,20 keV,90.0,2.5e13,True,True,,46.563384221376495,1.20858416195884,2.2079076359999998e-05,1.8268546829386573e-05,6
20kev,20 keV,90.0,5e13,True,True,,38.138084972619914,0.9929164801452599,2.3640500039999998e-05,2.3809152645488858e-05,6
20kev,20 keV,100.0,0,True,True,,73.85584787185672,1.57317368303666,2.13243322e-05,1.3554976433904071e-05,6
20kev,20 keV,100.0,1e12,True,True,,73.80253979779418,1.5919338534293201,2.244164759e-05,1.4097098030584964e-05,6
20kev,20 keV,100.0,1e13,True,True,,57.91700002363406,1.42760538986442,1.9008959679999996e-05,1.331527592635755e-05,6
20kev,20 keV,100.0,2.5e13,True,True,,45.00637368632839,1.1914216968217002,2.03301108e-05,1.7063740616973557e-05,6
20kev,20 keV,100.0,5e13,True,True,,36.613142835224096,0.9754604154128799,2.1597162519999994e-05,2.2140480719413544e-05,6
20kev,20 keV,110.0,0,True,True,,74.2408375459078,1.5516436732398802,2.1667204920000003e-05,1.3964033942637233e-05,6
20kev,20 keV,110.0,1e12,True,True,,74.18568138501807,1.57380158091448,2.1906896379999998e-05,1.3919732096895391e-05,6
20kev,20 keV,110.0,1e13,True,True,,56.737556148774146,1.41708330425286,1.8582697440000002e-05,1.311334159694832e-05,6
20kev,20 keV,110.0,2.5e13,True,True,,43.99734643040939,1.1836394074088599,2.053436644e-05,1.734849846284891e-05,6
20kev,20 keV,110.0,5e13,True,True,,35.58149132561326,0.966880258373984,0.00020184306601599998,0.00020875704542302093,6
20kev,20 keV,120.0,0,True,True,,73.99819867165816,1.51877104522842,1.99705057e-05,1.3149121958008144e-05,6
20kev,20 keV,120.0,1e12,True,True,,73.94105366697887,1.5432727624953,2.0402884100000002e-05,1.3220530158914237e-05,6
20kev,20 keV,120.0,1e13,True,True,,55.44515449727264,1.3951294322276,2.1669411e-05,1.5532186834737263e-05,6
20kev,20 keV,120.0,2.5e13,True,True,,42.81399449155739,1.16710569278094,1.8737597759999994e-05,1.605475654510148e-05,6
20kev,20 keV,120.0,5e13,True,True,,34.4453868569911,0.9519062347700601,1.9554125239999997e-05,2.0542070768896098e-05,6
20kev,20 keV,130.0,0,True,True,,73.95998204950294,1.49265507571326,0.00010096893774,6.764385113670842e-05,6
20kev,20 keV,130.0,1e12,True,True,,73.90138354029764,1.5199314565678599,1.959228249e-05,1.2890240810096209e-05,6
20kev,20 keV,130.0,1e13,True,True,,54.52714816326434,1.37992944925464,2.473711236e-05,1.792636020150276e-05,6
20kev,20 keV,130.0,2.5e13,True,True,,41.9151608868179,1.1569987259049799,1.8171463919999997e-05,1.570569051905106e-05,6
20kev,20 keV,130.0,5e13,True,True,,33.56879173989909,0.94299954968116,1.7924951640000004e-05,1.9008441357220853e-05,6
20kev,20 keV,150.0,0,True,True,,73.89145284508007,1.4405729561654999,6.82389725e-05,4.736932774417596e-05,6
20kev,20 keV,150.0,1e12,True,True,,73.8303921574468,1.47441041576988,1.704809201e-05,1.1562650282213414e-05,6
20kev,20 keV,150.0,1e13,True,True,,53.05443583937392,1.3460295302782401,1.8876173159999997e-05,1.4023595125805354e-05,6
20kev,20 keV,150.0,2.5e13,True,True,,40.45654413252758,1.13420757627206,1.644784224e-05,1.4501615563229748e-05,6
20kev,20 keV,150.0,5e13,True,True,,32.144265643470575,0.92468664379472,1.672461188e-05,1.8086788635083665e-05,6
20kev,20 keV,180.0,0,True,True,,73.96021857529252,1.37689833621534,0.00011666685466000001,8.473164037708148e-05,6
20kev,20 keV,180.0,1e12,True,True,,73.89448761152438,1.4140600058554198,1.6171389570000002e-05,1.1436140972120416e-05,6
20kev,20 keV,180.0,1e13,True,True,,51.9461000219682,1.307284503214,0.0005124468860000001,0.00039199339144626384,6
20kev,20 keV,180.0,2.5e13,True,True,,39.04017838711483,1.11031560469766,1.419713684e-05,1.2786577780167193e-05,6
20kev,20 keV,180.0,5e13,True,True,,30.723071518014706,0.90626374726124,6.768214676e-05,7.46826152591205e-05,6
49kev,49 keV,5.0,0,True,True,,53.593818764789596,2.286861489489,0.00012573643100000003,5.4982092959244275e-05,6
49kev,49 keV,5.0,1e12,True,True,,53.59646955461476,2.286517368016,0.0001146698331,5.0150431701946115e-05,6
49kev,49 keV,5.0,1e13,True,True,,53.59036873147035,2.2833451461679997,0.0001216228649,5.326521270956881e-05,6
49kev,49 keV,5.0,2.5e13,True,True,,53.58226906616158,2.2774938697117997,0.00011902139959999999,5.225981118230684e-05,6
49kev,49 keV,5.0,5e13,True,True,,53.57031617958676,2.2661517501972,0.00011702433829999999,5.164011557911625e-05,6
49kev,49 keV,8.0,0,True,True,,80.82555174377977,2.9180889751431995,0.00012940452050000002,4.434563908170406e-05,6
49kev,49 keV,8.0,1e12,True,True,,80.82305329581345,2.9166164243082,0.00012934659739999998,4.4348168762260205e-05,6
49kev,49 keV,8.0,1e13,True,True,,80.80629794275427,2.9024403199786,0.00012709908034000002,4.379041989774216e-05,6
49kev,49 keV,8.0,2.5e13,True,True,,80.77769417633188,2.8762572365248005,0.00012465095816300003,4.333790336277707e-05,6
49kev,49 keV,8.0,5e13,True,True,,80.72718060069663,2.8301482024464,0.00012093448687000002,4.273079648813564e-05,6
49kev,49 keV,10.0,0,True,True,,91.40593931962258,3.1652435548576,0.00011963276459,3.7795753317751284e-05,6
49kev,49 keV,10.0,1e12,True,True,,91.40279425536482,3.163886740847,0.00011969488336,3.7831595491296455e-05,6
49kev,49 keV,10.0,1e13,True,True,,91.37209520811263,3.1496411818339998,0.0001172325039,3.7220907758050354e-05,6
49kev,49 keV,10.0,2.5e13,True,True,,91.32038406963169,3.1204688026253997,0.00011220633449,3.595816577162875e-05,6
49kev,49 keV,10.0,5e13,True,True,,91.2248149500786,3.0679904983408,0.00010573287400999999,3.4463233855248695e-05,6
49kev,49 keV,20.0,0,True,True,,97.63235934107564,3.6144722302374,6.559037124e-05,1.8146597085819083e-05,6
49kev,49 keV,20.0,1e12,True,True,,97.61647111954902,3.6077147849075994,6.605145232999999e-05,1.830839084240183e-05,6
49kev,49 keV,20.0,1e13,True,True,,97.47665494155254,3.4998786590699997,6.796486365e-05,1.941920571270887e-05,6
49kev,49 keV,20.0,2.5e13,True,True,,97.20799135155721,3.2101286745968003,6.447352159000001e-05,2.0084404123799813e-05,6
49kev,49 keV,20.0,5e13,True,True,,96.58971456499265,2.7606470413696003,4.215664839999999e-05,1.5270568011144743e-05,6
49kev,49 keV,30.0,0,True,True,,97.61753356897198,3.4719962550568,5.4398452e-05,1.5667773811901784e-05,6
49kev,49 keV,30.0,1e12,True,True,,97.58980259045342,3.4416097363462,5.4294107709999996e-05,1.577578861909008e-05,6
49kev,49 keV,30.0,1e13,True,True,,97.33189714690073,3.0464552977138,6.068487497999999e-05,1.9919831098634764e-05,6
49kev,49 keV,30.0,2.5e13,True,True,,96.66862965660677,2.5647232703952003,6.11000208e-05,2.3823241090094312e-05,6
49kev,49 keV,30.0,5e13,True,True,,94.42312264282786,2.1934706109752,4.204628479999999e-05,1.9168838912004636e-05,6
49kev,49 keV,40.0,0,True,True,,97.64794552671296,3.135580346448,4.3566658700000004e-05,1.389428873967542e-05,6
49kev,49 keV,40.0,1e12,True,True,,97.60891181111487,3.095583701511,4.4291278999999996e-05,1.4307892556218322e-05,6
49kev,49 keV,40.0,1e13,True,True,,97.20873869812672,2.6775239152833996,5.25161222e-05,1.9613689312067817e-05,6
49kev,49 keV,40.0,2.5e13,True,True,,94.29903197234178,2.2683310982964002,4.36528106e-05,1.924446154830962e-05,6
49kev,49 keV,40.0,5e13,True,True,,80.87221565059238,1.9353371637461998,4.12350908e-05,2.130641191232122e-05,6
49kev,49 keV,50.0,0,True,True,,97.6644554121154,3.0199041030491998,3.5039182800000005e-05,1.1602746843722921e-05,6
49kev,49 keV,50.0,1e12,True,True,,97.61810925567319,2.9922038626423997,3.632570099999999e-05,1.2140115669766214e-05,6
49kev,49 keV,50.0,1e13,True,True,,97.07425641378448,2.6040755834923996,4.061479759999999e-05,1.5596627785100744e-05,6
49kev,49 keV,50.0,2.5e13,True,True,,83.49268942922163,2.1900145173348005,4.386875820000001e-05,2.003126365271191e-05,6
49kev,49 keV,50.0,5e13,True,True,,68.33220508868709,1.848768301947,4.286029500000001e-05,2.3183161975928728e-05,6
49kev,49 keV,60.0,0,True,True,,97.6121856397288,2.9254553257486,3.47277916e-05,1.1870901358274355e-05,6
49kev,49 keV,60.0,1e12,True,True,,97.56038880673222,2.9099188392218,3.446921180000001e-05,1.1845420337983762e-05,6
49kev,49 keV,60.0,1e13,True,True,,96.28317271961187,2.5477696880112606,4.159140704000001e-05,1.6324633751516785e-05,6
49kev,49 keV,60.0,2.5e13,True,True,,73.99026953892864,2.128392161456742,5.2995609968e-05,2.4899363438609946e-05,6
49kev,49 keV,60.0,5e13,True,True,,61.212836936686216,1.7781531158366,4.34311314e-05,2.442485465013859e-05,6
49kev,49 keV,70.0,0,True,True,,97.6981042065691,2.8584777531035,4.88107081e-05,1.7075769803352622e-05,6
49kev,49 keV,70.0,1e12,True,True,,97.64135028379793,2.8539325654280003,3.072222299999999e-05,1.0764873484455517e-05,6
49kev,49 keV,70.0,1e13,True,True,,91.8677468446314,2.5122045342725996,3.79972904e-05,1.5125078345184178e-05,6
49kev,49 keV,70.0,2.5e13,True,True,,68.44659616740554,2.08845611168256,4.9594577239999994e-05,2.3747004767097658e-05,6
49kev,49 keV,70.0,5e13,True,True,,56.74114198084141,1.7317057494804,4.36000046e-05,2.517749023648055e-05,6
49kev,49 keV,80.0,0,True,True,,97.66469972925617,2.75427220336836,2.7758689439999995e-05,1.0078411787350674e-05,6
49kev,49 keV,80.0,1e12,True,True,,97.60154275179258,2.7637441976752,3.09443078e-05,1.1196516604550327e-05,6
49kev,49 keV,80.0,1e13,True,True,,84.14279423976491,2.4347832672457996,3.48937162e-05,1.433134384871611e-05,6
49kev,49 keV,80.0,2.5e13,True,True,,64.15500711774453,2.0196659972717996,3.85799112e-05,1.9102124436473367e-05,6
49kev,49 keV,80.0,5e13,True,True,,52.95612685717849,1.6653253894982,4.090466379999999e-05,2.456256540490594e-05,6
49kev,49 keV,90.0,0,True,True,,97.66624299123978,2.696239652449,2.6601269000000004e-05,9.866062527430756e-06,6
49kev,49 keV,90.0,1e12,True,True,,97.60057194886066,2.71277162377282,2.7854313280000003e-05,1.0267843056121797e-05,6
49kev,49 keV,90.0,1e13,True,True,,79.6430796377408,2.4009295760916802,4.435678632e-05,1.847483856323915e-05,6
49kev,49 keV,90.0,2.5e13,True,True,,61.61941500623526,1.9902557692311997,3.69505058e-05,1.8565707167513108e-05,6
49kev,49 keV,90.0,5e13,True,True,,50.49404740259047,1.6326684244166,3.9357602399999996e-05,2.4106304630754168e-05,6
49kev,49 keV,100.0,0,True,True,,97.68778472113323,2.6411382594471995,2.5603390799999995e-05,9.694074404631464e-06,6
49kev,49 keV,100.0,1e12,True,True,,97.61828730154764,2.6643590072676204,2.6323429479999997e-05,9.879835790971525e-06,6
49kev,49 keV,100.0,1e13,True,True,,76.73570505426387,2.3680764993764,3.10849066e-05,1.3126647981256422e-05,6
49kev,49 keV,100.0,2.5e13,True,True,,59.61670578325095,1.9645754635091999,3.397907779999999e-05,1.7295888313348504e-05,6
49kev,49 keV,100.0,5e13,True,True,,48.524325088864906,1.6058030980809999,3.6175717e-05,2.2528115086607726e-05,6
49kev,49 keV,110.0,0,True,True,,97.73569642256456,2.5888978291342797,2.394484112e-05,9.249048321079203e-06,6
49kev,49 keV,110.0,1e12,True,True,,97.66257473774948,2.6198057107265402,2.552972016e-05,9.744890644169161e-06,6
49kev,49 keV,110.0,1e13,True,True,,74.78687152883995,2.3364110985282003,3.0172041800000004e-05,1.2913841155354293e-05,6
49kev,49 keV,110.0,2.5e13,True,True,,57.99112614546256,1.9422188369160003,3.3566311e-05,1.7282455695517347e-05,6
49kev,49 keV,110.0,5e13,True,True,,46.90432718928124,1.5836325047986,0.0002175554614,0.00013737749177336308,6
49kev,49 keV,120.0,0,True,True,,97.73484961490429,2.53625186924284,0.00057147576716,0.00022532295553540806,6
49kev,49 keV,120.0,1e12,True,True,,97.60720317643619,2.5739152381053603,2.4492655439999993e-05,9.515719506765441e-06,6
49kev,49 keV,120.0,1e13,True,True,,73.26193140918728,2.30596342934402,3.439899708e-05,1.4917407900864029e-05,6
49kev,49 keV,120.0,2.5e13,True,True,,56.57442433117345,1.9199446194088001,3.3830275199999995e-05,1.7620443245085476e-05,6
49kev,49 keV,120.0,5e13,True,True,,45.536453266001395,1.5623985896563999,3.75427426e-05,2.40289148035242e-05,6
49kev,49 keV,130.0,0,True,True,,97.7414461547735,2.49152169635928,2.251077612e-05,9.034950870744463e-06,6
49kev,49 keV,130.0,1e12,True,True,,97.66645944510726,2.53542067797474,2.3273968959999997e-05,9.179529520359883e-06,6
49kev,49 keV,130.0,1e13,True,True,,72.11870258866644,2.28325715955136,3.548396114e-05,1.5540939395093055e-05,6
49kev,49 keV,130.0,2.5e13,True,True,,55.44335958101318,1.9053162473416,0.0003201954384,0.0001680536965171813,6
49kev,49 keV,130.0,5e13,True,True,,44.41992850734949,1.5486126575761998,3.190695479999999e-05,2.0603573555920005e-05,6
49kev,49 keV,150.0,0,True,True,,97.73592359140353,2.4017384152233197,7.990923768000001e-05,3.327141589337898e-05,6
49kev,49 keV,150.0,1e12,True,True,,97.65751519818978,2.45200688695744,3.070736762e-05,1.2523361081625297e-05,6
49kev,49 keV,150.0,1e13,True,True,,70.2256239130177,2.22729538758,2.9216984e-05,1.3117696091376917e-05,6
49kev,49 keV,150.0,2.5e13,True,True,,53.55486887098491,1.8692742151593997,2.87418216e-05,1.537592578280393e-05,6
49kev,49 keV,150.0,5e13,True,True,,42.56368668956255,1.5190494234814,3.20812266e-05,2.1119277690435735e-05,6
49kev,49 keV,180.0,0,True,True,,97.68537941891192,2.2809725216679797,0.00017290165202,7.580172508766754e-05,6
49kev,49 keV,180.0,1e12,True,True,,97.60134527500324,2.34078580325254,2.7458009799999994e-05,1.1730253046582424e-05,6
49kev,49 keV,180.0,1e13,True,True,,68.52376074348749,2.152575685152,0.0005216547480000001,0.00024233979394929587,6
49kev,49 keV,180.0,2.5e13,True,True,,51.59971196664853,1.8231561659049997,2.5762281e-05,1.4130594779417492e-05,6
49kev,49 keV,180.0,5e13,True,True,,40.61661244606729,1.4864793177138,4.1144325500000005e-05,2.7679043367572602e-05,6
100kev,100 keV,5.0,0,True,True,,11.861304713036269,0.7762092382288001,5.11825552e-05,6.593912141111767e-05,6
100kev,100 keV,5.0,1e12,True,True,,11.86283913736248,0.7760891564282,4.3277564399999995e-05,5.576365040219942e-05,6
100kev,100 keV,5.0,1e13,True,True,,11.861707198185353,0.7749396249838,4.43914473e-05,5.728374942877389e-05,6
100kev,100 keV,5.0,2.5e13,True,True,,11.860021029560727,0.7728502327265999,4.195874590000001e-05,5.429091449189373e-05,6
100kev,100 keV,5.0,5e13,True,True,,11.856924507148904,0.7688359483342,4.1925711e-05,5.453141348403184e-05,6
100kev,100 keV,8.0,0,True,True,,20.8132204238599,1.085295368147,4.7572263400000004e-05,4.3833471326080966e-05,6
100kev,100 keV,8.0,1e12,True,True,,20.81244415536154,1.0844254730086,4.7387675000000005e-05,4.369841559376962e-05,6
100kev,100 keV,8.0,1e13,True,True,,20.80839583892766,1.076383441476,4.6185386949999995e-05,4.290793147715826e-05,6
100kev,100 keV,8.0,2.5e13,True,True,,20.80133253160277,1.0626668324887998,4.5430601069999997e-05,4.275149998198407e-05,6
100kev,100 keV,8.0,5e13,True,True,,20.788687549670318,1.0405331744448,4.4255902459999995e-05,4.253194760812286e-05,6
100kev,100 keV,10.0,0,True,True,,27.345493754803385,1.2685858583974001,4.811474258000001e-05,3.79278566456536e-05,6
100kev,100 keV,10.0,1e12,True,True,,27.34478501074846,1.2671923851994003,4.8120772590000005e-05,3.797432272482281e-05,6
100kev,100 keV,10.0,1e13,True,True,,27.336568542605757,1.2547271599244,4.712279968e-05,3.755621236639147e-05,6
100kev,100 keV,10.0,2.5e13,True,True,,27.32258364337158,1.234837451679,4.5187071529999995e-05,3.659353825765444e-05,6
100kev,100 keV,10.0,5e13,True,True,,27.296058027224205,1.2051572183836,4.2555895740000004e-05,3.531148890024282e-05,6
100kev,100 keV,20.0,0,True,True,,60.72929590978462,2.2422099816513996,4.847261216e-05,2.1618230476478236e-05,6
100kev,100 keV,20.0,1e12,True,True,,60.72311800038369,2.2332233795876,4.806177266e-05,2.1521256269883474e-05,6
100kev,100 keV,20.0,1e13,True,True,,60.66377592303237,2.1367163714726,3.1990348399999995e-05,1.4971733650335923e-05,6
100kev,100 keV,20.0,2.5e13,True,True,,60.476908073500354,1.9573331476376,2.7838285399999993e-05,1.4222558604088103e-05,6
100kev,100 keV,20.0,5e13,True,True,,58.7516388307122,1.68651013725868,2.3840445719999997e-05,1.4135963486558815e-05,6
100kev,100 keV,30.0,0,True,True,,85.74277072515552,3.0683867778305998,3.848799839999999e-05,1.2543398595665844e-05,6
100kev,100 keV,30.0,1e12,True,True,,85.72148109997205,3.0326982846694,3.879093259999999e-05,1.279089739856158e-05,6
100kev,100 keV,30.0,1e13,True,True,,84.10710338616636,2.590417029249,3.4370697999999994e-05,1.326840335432962e-05,6
100kev,100 keV,30.0,2.5e13,True,True,,75.61193432772987,1.9705544844606,3.23572304e-05,1.6420368305044424e-05,6
100kev,100 keV,30.0,5e13,True,True,,66.87028042297358,1.50546150958704,2.2831864159999996e-05,1.5166023185981657e-05,6
100kev,100 keV,40.0,0,True,True,,96.8505940435128,3.4202324721069997,3.789450200000001e-05,1.1079510620708036e-05,6
100kev,100 keV,40.0,1e12,True,True,,96.57328850247194,3.3315427236249997,3.7740286e-05,1.1328171099944767e-05,6
100kev,100 keV,40.0,1e13,True,True,,90.65078271674284,2.5075120646254,3.43793646e-05,1.3710548030857022e-05,6
100kev,100 keV,40.0,2.5e13,True,True,,80.53681537632349,1.8325027240965999,2.87895594e-05,1.5710513835221107e-05,6
100kev,100 keV,40.0,5e13,True,True,,63.098051846627655,1.3806321031914,2.29277096e-05,1.6606675700935434e-05,6
100kev,100 keV,50.0,0,True,True,,99.18067316416088,3.7043086673747996,3.92717712e-05,1.0601646549025692e-05,6
100kev,100 keV,50.0,1e12,True,True,,99.06180903550273,3.5985313682268,3.97033352e-05,1.103320525438801e-05,6
100kev,100 keV,50.0,1e13,True,True,,95.72533489781108,2.6858090745632,3.8355980799999995e-05,1.4280978183915746e-05,6
100kev,100 keV,50.0,2.5e13,True,True,,77.1184867280731,1.966344589556,3.282102100000001e-05,1.669138826140894e-05,6
100kev,100 keV,50.0,5e13,True,True,,57.29221299836046,1.458837290413,2.6000110000000003e-05,1.782248792984947e-05,6
100kev,100 keV,60.0,0,True,True,,99.36193199170319,3.8431160107778,3.98736812e-05,1.0375351950910806e-05,6
100kev,100 keV,60.0,1e12,True,True,,99.32043316906693,3.7463048978374,4.064394860000001e-05,1.0849076545654952e-05,6
100kev,100 keV,60.0,1e13,True,True,,97.39259794781923,2.87527511433512,4.4200690479999996e-05,1.537268216861432e-05,6
100kev,100 keV,60.0,2.5e13,True,True,,71.71811145844565,2.1246916202838,4.67229442e-05,2.1990459111312872e-05,6
100kev,100 keV,60.0,5e13,True,True,,54.54903886170179,1.5670023863372,2.9542765800000005e-05,1.885304455027343e-05,6
100kev,100 keV,70.0,0,True,True,,99.35675195764534,3.921469305019,4.211195099999999e-05,1.0738819489445412e-05,6
100kev,100 keV,70.0,1e12,True,True,,99.3139144691012,3.8504494217774,4.150219360000001e-05,1.0778532335802569e-05,6
100kev,100 keV,70.0,1e13,True,True,,93.59422528660438,3.0470043728856,4.48066304e-05,1.4705141482145903e-05,6
100kev,100 keV,70.0,2.5e13,True,True,,68.24920831321018,2.2791700502496597,4.8764945639999997e-05,2.139592244758494e-05,6
100kev,100 keV,70.0,5e13,True,True,,53.0424627830595,1.684138125136,3.3000988e-05,1.9595178986483103e-05,6
100kev,100 keV,80.0,0,True,True,,99.37801544957756,3.8948779055436002,3.90567424e-05,1.0027719314233275e-05,6
100kev,100 keV,80.0,1e12,True,True,,99.32903890948113,3.8582361969130003,4.0260178000000004e-05,1.0434866074869245e-05,6
100kev,100 keV,80.0,1e13,True,True,,85.9306664055377,3.1132708729528,4.447880919999999e-05,1.4286842043337465e-05,6
100kev,100 keV,80.0,2.5e13,True,True,,64.8953765222788,2.3613638230694,4.194583160000001e-05,1.7763392150844867e-05,6
100kev,100 keV,80.0,5e13,True,True,,51.15966030760692,1.753113339959,3.5103611e-05,2.002358330170539e-05,6
100kev,100 keV,90.0,0,True,True,,99.36232310265451,3.9188134886090005,3.8615042e-05,9.853758570609233e-06,6
100kev,100 keV,90.0,1e12,True,True,,99.30882971971323,3.9060780823668004,4.0018058200000004e-05,1.02450737942627e-05,6
100kev,100 keV,90.0,1e13,True,True,,81.29471251233998,3.2200502971159204,5.6628069180000006e-05,1.7586082189684946e-05,6
100kev,100 keV,90.0,2.5e13,True,True,,62.73882199279941,2.4807809837322,4.418913380000001e-05,1.781258970049015e-05,6
100kev,100 keV,90.0,5e13,True,True,,50.03788218856195,1.8566982174848,3.8331178200000006e-05,2.0644807992505013e-05,6
100kev,100 keV,100.0,0,True,True,,99.35795157385289,3.9257332377889993,3.817229399999999e-05,9.723608734428145e-06,6
100kev,100 keV,100.0,1e12,True,True,,99.30043566365906,3.9310693250012,3.9858644800000005e-05,1.0139389948303146e-05,6
100kev,100 keV,100.0,1e13,True,True,,78.26195991658678,3.2972453235304,4.5658558600000005e-05,1.3847486043626514e-05,6
100kev,100 keV,100.0,2.5e13,True,True,,60.79560487059787,2.5756831512996,4.5677549400000005e-05,1.773414923996094e-05,6
100kev,100 keV,100.0,5e13,True,True,,48.828966875071586,1.9481819444084,4.01880516e-05,2.0628489918688686e-05,6
100kev,100 keV,110.0,0,True,True,,99.30005014014127,3.9166045277402,3.738416680000001e-05,9.545045085665032e-06,6
100kev,100 keV,110.0,1e12,True,True,,99.23976418418158,3.9373643923551995,3.913654980000001e-05,9.939783545558462e-06,6
100kev,100 keV,110.0,1e13,True,True,,76.15908062155727,3.3504270250295995,4.545760539999998e-05,1.3567704970263718e-05,6
100kev,100 keV,110.0,2.5e13,True,True,,59.08503223492464,2.6487820759088,4.7105876199999997e-05,1.7783975748113563e-05,6
100kev,100 keV,110.0,5e13,True,True,,47.535948759574296,2.0269526609318,0.0002202225282,0.00010864709987788398,6
100kev,100 keV,120.0,0,True,True,,99.41308917154784,3.903287777588,3.5647551e-05,9.132698645660215e-06,6
100kev,100 keV,120.0,1e12,True,True,,99.34851682206947,3.9371777522678,4.17851598e-05,1.0612972649236346e-05,6
100kev,100 keV,120.0,1e13,True,True,,74.71129767464906,3.39081210260172,4.959580488e-05,1.4626527032254566e-05,6
100kev,100 keV,120.0,2.5e13,True,True,,57.73237570545597,2.7075880392416,4.686781540000001e-05,1.730980293927128e-05,6
100kev,100 keV,120.0,5e13,True,True,,46.41810493144287,2.0939075618528,4.3700696200000006e-05,2.0870403735173164e-05,6
100kev,100 keV,130.0,0,True,True,,99.3749161347945,3.883076193051,0.000118287327,3.046227298132402e-05,6
100kev,100 keV,130.0,1e12,True,True,,99.309865839823,3.9302551641400005,4.84562966e-05,1.232904597190523e-05,6
100kev,100 keV,130.0,1e13,True,True,,73.4587693611827,3.42126969705702,5.344765608e-05,1.5622169782749292e-05,6
100kev,100 keV,130.0,2.5e13,True,True,,56.513194818298246,2.7553140791278,4.846017019999999e-05,1.7587893361086495e-05,6
100kev,100 keV,130.0,5e13,True,True,,45.300197110551046,2.1503500462942,4.5011244799999993e-05,2.093205470317263e-05,6
100kev,100 keV,150.0,0,True,True,,99.37721016424805,3.8149727957062,5.6702904599999996e-05,1.4863252672160553e-05,6
100kev,100 keV,150.0,1e12,True,True,,99.30703494492015,3.8855784668346,4.9039171459999996e-05,1.2620816148373894e-05,6
100kev,100 keV,150.0,1e13,True,True,,71.51675707443232,3.4344320728991997,4.712979479999999e-05,1.3722733133054819e-05,6
100kev,100 keV,150.0,2.5e13,True,True,,54.57903816551877,2.8054660215419998,4.666885299999999e-05,1.6634973527267624e-05,6
100kev,100 keV,150.0,5e13,True,True,,43.42468858499234,2.2188635481938,4.594924420000001e-05,2.0708458723116894e-05,6
100kev,100 keV,180.0,0,True,True,,99.38451550028782,3.697840691623,0.00017231823700000003,4.6599691920305176e-05,6
100kev,100 keV,180.0,1e12,True,True,,99.30766994919789,3.7863434820751998,4.6121580600000004e-05,1.2181034504223564e-05,6
100kev,100 keV,180.0,1e13,True,True,,69.72447124245367,3.4170903332756,0.0005402077244000001,0.00015808997471897696,6
100kev,100 keV,180.0,2.5e13,True,True,,52.60400817484786,2.8358417169092003,4.5099589799999994e-05,1.5903422793693258e-05,6
100kev,100 keV,180.0,5e13,True,True,,41.45237003610514,2.2704883850318,4.5915813200000004e-05,2.022287958075457e-05,6
156p5kev,156.5 keV,5.0,0,True,True,,4.9263975702155065,0.51034130293434,3.9131543659999996e-05,7.667720295222631e-05,6
156p5kev,156.5 keV,5.0,1e12,True,True,,4.9278526783827035,0.51026873059478,2.8633051020000004e-05,5.6113669725802556e-05,6
156p5kev,156.5 keV,5.0,1e13,True,True,,4.926749223797166,0.5095622245982,3.1192548699999996e-05,6.121440560982703e-05,6
156p5kev,156.5 keV,5.0,2.5e13,True,True,,4.9264430560918235,0.50828499668078,2.945110902e-05,5.7942117537056255e-05,6
156p5kev,156.5 keV,5.0,5e13,True,True,,4.9248119521012415,0.5058099017374201,2.9951051179999998e-05,5.921404677354145e-05,6
156p5kev,156.5 keV,8.0,0,True,True,,8.287012422290115,0.69294740152712,3.0881506e-05,4.456544022236497e-05,6
156p5kev,156.5 keV,8.0,1e12,True,True,,8.286657490595276,0.69244269806252,3.0240820879999996e-05,4.367266918203473e-05,6
156p5kev,156.5 keV,8.0,1e13,True,True,,8.284899577141097,0.68776328039346,3.009831339e-05,4.376260589658286e-05,6
156p5kev,156.5 keV,8.0,2.5e13,True,True,,8.281956091678028,0.6797210533985599,2.9458409019999993e-05,4.333896805566035e-05,6
156p5kev,156.5 keV,8.0,5e13,True,True,,8.276722919018486,0.6666334290089599,2.8636457219999994e-05,4.295682750649323e-05,6
156p5kev,156.5 keV,10.0,0,True,True,,10.751949281900188,0.8022087235097,3.0584187909999996e-05,3.81249754754508e-05,6
156p5kev,156.5 keV,10.0,1e12,True,True,,10.751625543411727,0.80140227451728,3.0143816939999995e-05,3.761384001331535e-05,6
156p5kev,156.5 keV,10.0,1e13,True,True,,10.748265318999389,0.79415507437304,2.9713202780000008e-05,3.741486233461095e-05,6
156p5kev,156.5 keV,10.0,2.5e13,True,True,,10.742479111570761,0.78248858485124,2.8728656830000004e-05,3.6714474033460374e-05,6
156p5kev,156.5 keV,10.0,5e13,True,True,,10.731709663323278,0.7648564552828799,2.7269238939999997e-05,3.565275386204925e-05,6
156p5kev,156.5 keV,20.0,0,True,True,,25.241296369269616,1.41744312937604,3.117926344e-05,2.1996835565265426e-05,6
156p5kev,156.5 keV,20.0,1e12,True,True,,25.23868582098925,1.41141469083782,3.0613490800000006e-05,2.1689933510489214e-05,6
156p5kev,156.5 keV,20.0,1e13,True,True,,25.213261121816608,1.34914192963032,2.0633673280000003e-05,1.5293923364796662e-05,6
156p5kev,156.5 keV,20.0,2.5e13,True,True,,25.131082199216547,1.23648140189484,1.7973870360000006e-05,1.4536304656467969e-05,6
156p5kev,156.5 keV,20.0,5e13,True,True,,24.32646410098375,1.0677624930184801,1.535157582e-05,1.4377331963218068e-05,6
156p5kev,156.5 keV,30.0,0,True,True,,41.84022551315475,2.08979440215628,2.735818012e-05,1.3091326157143227e-05,6
156p5kev,156.5 keV,30.0,1e12,True,True,,41.827394365691084,2.06201326922478,2.763713912e-05,1.3402988008118037e-05,6
156p5kev,156.5 keV,30.0,1e13,True,True,,40.58469401833209,1.7553232260894198,2.3193480679999998e-05,1.3213224969210584e-05,6
156p5kev,156.5 keV,30.0,2.5e13,True,True,,34.65160249652505,1.32813758601304,2.305968396e-05,1.736242103442255e-05,6
156p5kev,156.5 keV,30.0,5e13,True,True,,29.55564538246465,1.0038610175142,1.58275813e-05,1.5766705772869713e-05,6
156p5kev,156.5 keV,40.0,0,True,True,,57.580760592883365,2.602552130901,3.0058248e-05,1.1549527728228014e-05,6
156p5kev,156.5 keV,40.0,1e12,True,True,,57.01876954193624,2.52597606983654,2.9393214160000004e-05,1.1636378709598022e-05,6
156p5kev,156.5 keV,40.0,1e13,True,True,,48.35565507112949,1.8349659497991802,2.452689672e-05,1.3366404277247892e-05,6
156p5kev,156.5 keV,40.0,2.5e13,True,True,,39.908032427858394,1.28554005921874,1.993812796e-05,1.5509534546995738e-05,6
156p5kev,156.5 keV,40.0,5e13,True,True,,30.05924002566704,0.9455633985724999,1.56406233e-05,1.6541062528025478e-05,6
156p5kev,156.5 keV,50.0,0,True,True,,71.23355705057305,3.2007050406622,3.5390017800000004e-05,1.1056944438928399e-05,6
156p5kev,156.5 keV,50.0,1e12,True,True,,70.03614554910683,3.07859048836,3.4544708e-05,1.1220949369723529e-05,6
156p5kev,156.5 keV,50.0,1e13,True,True,,57.6896055906603,2.0846635223964,2.8443462600000005e-05,1.3644150384184382e-05,6
156p5kev,156.5 keV,50.0,2.5e13,True,True,,41.99569009271937,1.4140624189495399,2.2667281160000004e-05,1.602990140763289e-05,6
156p5kev,156.5 keV,50.0,5e13,True,True,,29.044538043932274,1.0081178469294598,1.767057084e-05,1.7528278954510413e-05,6
156p5kev,156.5 keV,60.0,0,True,True,,82.09791813170777,3.7296275854816003,3.98952404e-05,1.0696842911421247e-05,6
156p5kev,156.5 keV,60.0,1e12,True,True,,80.52582082460242,3.5697063551196,3.92531754e-05,1.0996191701791912e-05,6
156p5kev,156.5 keV,60.0,1e13,True,True,,66.23777011205593,2.34845386810506,3.531802824e-05,1.5038842669921255e-05,6
156p5kev,156.5 keV,60.0,2.5e13,True,True,,42.136426837664416,1.5669462157031402,3.594772875999999e-05,2.294126524557773e-05,6
156p5kev,156.5 keV,60.0,5e13,True,True,,28.885722890526043,1.0909628242611402,1.9877186560000002e-05,1.8219856917179484e-05,6
156p5kev,156.5 keV,70.0,0,True,True,,90.04465519136507,4.189248111883599,4.3817775399999984e-05,1.0459579912610697e-05,6
156p5kev,156.5 keV,70.0,1e12,True,True,,88.42460292022453,4.006549878079801,4.33363262e-05,1.0816370073687836e-05,6
156p5kev,156.5 keV,70.0,1e13,True,True,,70.70643802513662,2.6251746812594,3.767951760000001e-05,1.4353146809233911e-05,6
156p5kev,156.5 keV,70.0,2.5e13,True,True,,42.9826876290773,1.7371984658011,3.76003294e-05,2.1644233598065494e-05,6
156p5kev,156.5 keV,70.0,5e13,True,True,,29.259800721238822,1.18983661753884,2.2278306359999997e-05,1.8723836560083647e-05,6
156p5kev,156.5 keV,80.0,0,True,True,,94.77314042410343,4.4570713958542,4.5494995799999996e-05,1.0207374250795651e-05,6
156p5kev,156.5 keV,80.0,1e12,True,True,,93.34324440241852,4.2763761664948,4.5282633200000006e-05,1.0589020104168396e-05,6
156p5kev,156.5 keV,80.0,1e13,True,True,,69.78395514426734,2.8181885630734005,3.93973476e-05,1.3979670528871523e-05,6
156p5kev,156.5 keV,80.0,2.5e13,True,True,,43.431979147944475,1.8620435942088,3.14295262e-05,1.687904960858594e-05,6
156p5kev,156.5 keV,80.0,5e13,True,True,,29.352862588929266,1.26421712906238,2.4060017519999998e-05,1.9031554759777983e-05,6
156p5kev,156.5 keV,90.0,0,True,True,,97.70246076881408,4.744599836678,4.7415255999999986e-05,9.993520556456128e-06,6
156p5kev,156.5 keV,90.0,1e12,True,True,,96.7914880727289,4.5840809936928,4.767400020000001e-05,1.0399903550045097e-05,6
156p5kev,156.5 keV,90.0,1e13,True,True,,70.36345256846236,3.0881058069680596,5.391103263999999e-05,1.7457637791540087e-05,6
156p5kev,156.5 keV,90.0,2.5e13,True,True,,45.04754950699007,2.0468198377166003,3.46703294e-05,1.693863268331309e-05,6
156p5kev,156.5 keV,90.0,5e13,True,True,,30.24946728246769,1.38293898695472,2.7026614880000003e-05,1.954288304469133e-05,6
156p5kev,156.5 keV,100.0,0,True,True,,99.00599500407262,4.9614311489718,4.93796742e-05,9.9527077404336e-06,6
156p5kev,156.5 keV,100.0,1e12,True,True,,98.55113614884499,4.8302079808938,4.9720951199999996e-05,1.0293749543844578e-05,6
156p5kev,156.5 keV,100.0,1e13,True,True,,71.16207419812683,3.3458187155846,4.609781740000001e-05,1.3777739118165445e-05,6
156p5kev,156.5 keV,100.0,2.5e13,True,True,,46.62865592155359,2.2337949454640005,3.7784136e-05,1.6914773702360376e-05,6
156p5kev,156.5 keV,100.0,5e13,True,True,,31.260975194625086,1.5070040775292,2.93353268e-05,1.9465990329698754e-05,6
156p5kev,156.5 keV,110.0,0,True,True,,99.45073877982655,5.1191978875599995,4.9196184e-05,9.610135236137302e-06,6
156p5kev,156.5 keV,110.0,1e12,True,True,,99.26110543752033,5.0200511997276,5.04281384e-05,1.0045343442460577e-05,6
156p5kev,156.5 keV,110.0,1e13,True,True,,71.89376980362753,3.5817562468404,4.8667914599999997e-05,1.3587723799723047e-05,6
156p5kev,156.5 keV,110.0,2.5e13,True,True,,48.05258641513022,2.4165928040462004,4.13564518e-05,1.7113537593406386e-05,6
156p5kev,156.5 keV,110.0,5e13,True,True,,32.238748048113116,1.63071067537978,0.00020955020022000003,0.00012850237837021419,6
156p5kev,156.5 keV,120.0,0,True,True,,99.60827788396,5.2367521225828,5.0000698199999995e-05,9.548036078388855e-06,6
156p5kev,156.5 keV,120.0,1e12,True,True,,99.52281122614437,5.1698408748512,5.1265032800000005e-05,9.916172284795037e-06,6
156p5kev,156.5 keV,120.0,1e13,True,True,,72.34935711007388,3.79982259067928,5.5359344119999995e-05,1.4568928627297732e-05,6
156p5kev,156.5 keV,120.0,2.5e13,True,True,,49.314435036807225,2.5975343370150004,4.3447175000000005e-05,1.6726314020521495e-05,6
156p5kev,156.5 keV,120.0,5e13,True,True,,33.334417205505716,1.7582925059049999,3.4072048999999996e-05,1.9377918569051163e-05,6
156p5kev,156.5 keV,130.0,0,True,True,,99.60375397057433,5.3246209882882,5.009102579999999e-05,9.407434991181155e-06,6
156p5kev,156.5 keV,130.0,1e12,True,True,,99.54666141670057,5.2912485608334,5.150649960000001e-05,9.734280861658758e-06,6
156p5kev,156.5 keV,130.0,1e13,True,True,,72.36835292059548,3.9979981266537727,6.139254008800001e-05,1.5355820123753805e-05,6
156p5kev,156.5 keV,130.0,2.5e13,True,True,,50.307984239671235,2.7719476214272,4.710949180000001e-05,1.6995087293801252e-05,6
156p5kev,156.5 keV,130.0,5e13,True,True,,34.266503082924885,1.8841542501726,3.65083914e-05,1.9376540639735632e-05,6
156p5kev,156.5 keV,150.0,0,True,True,,99.61878561221785,5.415536637128601,6.637104429000002e-05,1.2255672657620675e-05,6
156p5kev,156.5 keV,150.0,1e12,True,True,,99.56161076166597,5.441878774223199,6.796263074e-05,1.2488817476405714e-05,6
156p5kev,156.5 keV,150.0,1e13,True,True,,71.56233667786539,4.307943425546001,5.8643379e-05,1.3612847989657007e-05,6
156p5kev,156.5 keV,150.0,2.5e13,True,True,,51.58629922273495,3.0814955799158,4.925860519999999e-05,1.5985291532154642e-05,6
156p5kev,156.5 keV,150.0,5e13,True,True,,35.88649761877809,2.1214443282098,4.074803819999999e-05,1.9207686790624193e-05,6
156p5kev,156.5 keV,180.0,0,True,True,,99.61016942836129,5.457922891113,6.54859794e-05,1.1998333561404684e-05,6
156p5kev,156.5 keV,180.0,1e12,True,True,,99.54537727061607,5.534939032983799,6.67989045e-05,1.206858903086955e-05,6
156p5kev,156.5 keV,180.0,1e13,True,True,,69.94410042611031,4.6296811893114,0.0005547946886,0.00011983431815582917,6
156p5kev,156.5 keV,180.0,2.5e13,True,True,,52.02906449177476,3.47252746976,5.3727764e-05,1.5472235847773823e-05,6
156p5kev,156.5 keV,180.0,5e13,True,True,,37.692946818955555,2.4549215618228004,4.5839301200000006e-05,1.86724097066319e-05,6
c14,C-14 spectrum,5.0,0,True,True,,37.0807518010775,1.7570713121524002,0.0001110086316,6.317821640603488e-05,6
c14,C-14 spectrum,5.0,1e12,True,True,,37.082807904514716,1.7568779536034,0.00010261579029999997,5.840803573721923e-05,6
c14,C-14 spectrum,5.0,1e13,True,True,,37.078116189275654,1.7550475626778,0.00010303426160000001,5.870738992554331e-05,6
c14,C-14 spectrum,5.0,2.5e13,True,True,,37.07130921339623,1.7516640293372,0.00010258840159999999,5.856625464805469e-05,6
c14,C-14 spectrum,5.0,5e13,True,True,,37.05949483357464,1.7450905631054001,9.9767232e-05,5.7170231797290546e-05,6
c14,C-14 spectrum,8.0,0,True,True,,50.81205083728833,2.096451127381,9.432140609e-05,4.499098732047782e-05,6
c14,C-14 spectrum,8.0,1e12,True,True,,50.81007684307003,2.0956742499074004,9.417082539999999e-05,4.493581261694704e-05,6
c14,C-14 spectrum,8.0,1e13,True,True,,50.79656706270128,2.0881578420927998,9.296572643e-05,4.452044982233125e-05,6
c14,C-14 spectrum,8.0,2.5e13,True,True,,50.77409665674725,2.0741656813523996,9.210379575e-05,4.440522595569433e-05,6
c14,C-14 spectrum,8.0,5e13,True,True,,50.735793345966066,2.0492812141086003,8.988960588999999e-05,4.386396814216653e-05,6
c14,C-14 spectrum,10.0,0,True,True,,58.155022525859714,2.2547617040218,8.360195180000001e-05,3.707795446892676e-05,6
c14,C-14 spectrum,10.0,1e12,True,True,,58.152532947727025,2.2538273536342,8.402705816999999e-05,3.728194088802319e-05,6
c14,C-14 spectrum,10.0,1e13,True,True,,58.12885203363453,2.2443994896499997,8.283815473e-05,3.690882800143485e-05,6
c14,C-14 spectrum,10.0,2.5e13,True,True,,58.0896992902073,2.2259068772704,8.052153367000001e-05,3.6174709055547956e-05,6
c14,C-14 spectrum,10.0,5e13,True,True,,58.02003690029585,2.1917374020104003,7.672940569e-05,3.5008484875797134e-05,6
c14,C-14 spectrum,20.0,0,True,True,,81.04459801319105,2.7915430075742,5.3912650029999996e-05,1.9312849518606957e-05,6
c14,C-14 spectrum,20.0,1e12,True,True,,81.03264798162346,2.7835661565238,5.394930251999999e-05,1.938136170881366e-05,6
c14,C-14 spectrum,20.0,1e13,True,True,,80.92559922022929,2.6782802511836,4.65857257e-05,1.7393895086002517e-05,6
c14,C-14 spectrum,20.0,2.5e13,True,True,,80.68466586493435,2.4479124194324,3.799389259999999e-05,1.552093624689795e-05,6
c14,C-14 spectrum,20.0,5e13,True,True,,79.43759193635351,2.1084298966138,3.4229338199999995e-05,1.6234515672052135e-05,6
c14,C-14 spectrum,30.0,0,True,True,,91.01591056947737,2.9804716141462,3.5386450799999993e-05,1.1872768937655849e-05,6
c14,C-14 spectrum,30.0,1e12,True,True,,90.99187982266164,2.9511847942108,3.5738252199999995e-05,1.2109798163133003e-05,6
c14,C-14 spectrum,30.0,1e13,True,True,,90.27308487305235,2.5711161585832,3.74967758e-05,1.4583851326523651e-05,6
c14,C-14 spectrum,30.0,2.5e13,True,True,,86.6896777763098,2.07628413960518,3.975070971999999e-05,1.9145120343479997e-05,6
c14,C-14 spectrum,30.0,5e13,True,True,,81.71960768427569,1.7050072837764,3.2565992599999994e-05,1.9100207318686622e-05,6
c14,C-14 spectrum,40.0,0,True,True,,95.15528770875872,2.8820644512054,3.15419276e-05,1.0944213127089454e-05,6
c14,C-14 spectrum,40.0,1e12,True,True,,95.01605482194785,2.8303573208395996,3.2274004399999994e-05,1.1402802099356913e-05,6
c14,C-14 spectrum,40.0,1e13,True,True,,92.53665234070763,2.3229442284354,3.496387459999999e-05,1.5051534243484452e-05,6
c14,C-14 spectrum,40.0,2.5e13,True,True,,87.13745266565964,1.8657014062636001,3.43701734e-05,1.8422119040384067e-05,6
c14,C-14 spectrum,40.0,5e13,True,True,,72.3929281402408,1.5226819654228,3.12418182e-05,2.0517625419780387e-05,6
c14,C-14 spectrum,50.0,0,True,True,,96.84704461114177,2.9013003615830004,3.1198661e-05,1.0753337163263395e-05,6
c14,C-14 spectrum,50.0,1e12,True,True,,96.70003045831949,2.85273839988,3.1937323e-05,1.1195321309988827e-05,6
c14,C-14 spectrum,50.0,1e13,True,True,,94.53950707448207,2.3453773925014003,3.59529186e-05,1.5329267995397265e-05,6
c14,C-14 spectrum,50.0,2.5e13,True,True,,79.3422577378134,1.8753303739234002,3.50801006e-05,1.870609098417604e-05,6
c14,C-14 spectrum,50.0,5e13,True,True,,62.852609328553285,1.5092286473078,3.31208862e-05,2.1945572169652272e-05,6
c14,C-14 spectrum,60.0,0,True,True,,97.46266407037675,2.8957292063898,3.04822332e-05,1.0526617313779556e-05,6
c14,C-14 spectrum,60.0,1e12,True,True,,97.35232906848725,2.8563818403214003,3.15889686e-05,1.105908466231028e-05,6
c14,C-14 spectrum,60.0,1e13,True,True,,95.09305706729315,2.37335908872438,3.8773318520000004e-05,1.6336895122279905e-05,6
c14,C-14 spectrum,60.0,2.5e13,True,True,,71.56289913611147,1.8939861615613798,4.685297952e-05,2.4737762329464414e-05,6
c14,C-14 spectrum,60.0,5e13,True,True,,57.4809349617103,1.5136514011174,3.44268576e-05,2.274424452987364e-05,6
c14,C-14 spectrum,70.0,0,True,True,,97.6398341421166,2.8850631290814,2.98512526e-05,1.0346828219840236e-05,6
c14,C-14 spectrum,70.0,1e12,True,True,,97.55621983713613,2.8583778058832,3.0942329799999996e-05,1.082513645897808e-05,6
c14,C-14 spectrum,70.0,1e13,True,True,,91.29653521906167,2.4056298956293998,3.69590786e-05,1.5363576361911717e-05,6
c14,C-14 spectrum,70.0,2.5e13,True,True,,66.92087949878406,1.9236980681068678,4.590513347200001e-05,2.3862961778183695e-05,6
c14,C-14 spectrum,70.0,5e13,True,True,,54.086140370374956,1.5289433430088,3.55318402e-05,2.3239474740821377e-05,6
c14,C-14 spectrum,80.0,0,True,True,,97.72347914049365,2.82193354328994,2.8811137759999997e-05,1.0209715189256599e-05,6
c14,C-14 spectrum,80.0,1e12,True,True,,97.65410100757254,2.8133440263556,2.98875694e-05,1.0623503247385033e-05,6
c14,C-14 spectrum,80.0,1e13,True,True,,83.94366243954119,2.384775164097,3.5138516999999996e-05,1.4734519852862217e-05,6
c14,C-14 spectrum,80.0,2.5e13,True,True,,63.23670407180793,1.9121852814945999,3.68485814e-05,1.9270403216992893e-05,6
c14,C-14 spectrum,80.0,5e13,True,True,,51.096843855764476,1.5161184087625998,3.548927640000001e-05,2.3407984623684538e-05,6
c14,C-14 spectrum,90.0,0,True,True,,97.77845142890884,2.80071907473748,2.8267530920000003e-05,1.0092954761144547e-05,6
c14,C-14 spectrum,90.0,1e12,True,True,,97.71401633428876,2.80541982680924,2.9510404960000002e-05,1.0519069081209078e-05,6
c14,C-14 spectrum,90.0,1e13,True,True,,79.63479136291213,2.40313980868602,4.6200768979999995e-05,1.9225169011394926e-05,6
c14,C-14 spectrum,90.0,2.5e13,True,True,,61.12656908562962,1.9343363814916,3.6904753400000004e-05,1.9078767143666147e-05,6
c14,C-14 spectrum,90.0,5e13,True,True,,49.25128097370112,1.5337196355200002,3.622614299999999e-05,2.36197947532423e-05,6
c14,C-14 spectrum,100.0,0,True,True,,97.78607460468567,2.77308179155716,2.738373164e-05,9.8748373464395e-06,6
c14,C-14 spectrum,100.0,1e12,True,True,,97.72369658970192,2.78951696178004,2.8748007159999996e-05,1.0305729469970811e-05,6
c14,C-14 spectrum,100.0,1e13,True,True,,76.7962228841772,2.4120674310524004,3.4350638599999996e-05,1.4241160159031126e-05,6
c14,C-14 spectrum,100.0,2.5e13,True,True,,59.3640324871648,1.9497113545082,3.63586078e-05,1.864820026612154e-05,6
c14,C-14 spectrum,100.0,5e13,True,True,,47.691618432900576,1.5469741907652002,3.63127088e-05,2.3473377265614345e-05,6
c14,C-14 spectrum,110.0,0,True,True,,97.71074364058856,2.74014958621808,3.383236282000001e-05,1.2346903610724043e-05,6
c14,C-14 spectrum,110.0,1e12,True,True,,97.64654073336128,2.76595270461934,3.284185356e-05,1.1873613567271683e-05,6
c14,C-14 spectrum,110.0,1e13,True,True,,74.78980822924993,2.4119414361126,3.3599793400000004e-05,1.3930600841682882e-05,6
c14,C-14 spectrum,110.0,2.5e13,True,True,,57.81311477978842,1.9583285787906,3.6586375400000004e-05,1.868244981779031e-05,6
c14,C-14 spectrum,110.0,5e13,True,True,,46.30265020684781,1.5558484150184,0.00021394644160000002,0.0001375111093952362,6
c14,C-14 spectrum,120.0,0,True,True,,97.7120780488379,2.70817215481076,3.535624704e-05,1.3055391245048306e-05,6
c14,C-14 spectrum,120.0,1e12,True,True,,97.64525549542853,2.7409371104804197,3.6930684800000004e-05,1.3473743946473455e-05,6
c14,C-14 spectrum,120.0,1e13,True,True,,73.32371287210574,2.4084822218317,3.75718498e-05,1.5599803668646488e-05,6
c14,C-14 spectrum,120.0,2.5e13,True,True,,56.526726261657714,1.9644470824720004,3.5479778000000005e-05,1.806094870998171e-05,6
c14,C-14 spectrum,120.0,5e13,True,True,,45.174327390103144,1.563212279801,3.5852931e-05,2.293542052047093e-05,6
c14,C-14 spectrum,130.0,0,True,True,,97.73783407561146,2.67879046979264,3.445678192e-05,1.2862813388561603e-05,6
c14,C-14 spectrum,130.0,1e12,True,True,,97.66867803882755,2.71776265945504,3.607171607e-05,1.3272577700818446e-05,6
c14,C-14 spectrum,130.0,1e13,True,True,,72.1613569290948,2.4064703864893198,4.0955356179999994e-05,1.701884902051412e-05,6
c14,C-14 spectrum,130.0,2.5e13,True,True,,55.428330021562424,1.9719177479472,3.61815778e-05,1.8348421397223917e-05,6
c14,C-14 spectrum,130.0,5e13,True,True,,44.18151584175577,1.5721402568498,3.5667715199999995e-05,2.2687362049661984e-05,6
c14,C-14 spectrum,150.0,0,True,True,,97.79679653199966,2.60861322424616,9.401177683999999e-05,3.603898652594143e-05,6
c14,C-14 spectrum,150.0,1e12,True,True,,97.72297128494213,2.65942590409342,3.481350189e-05,1.309060795279712e-05,6
c14,C-14 spectrum,150.0,1e13,True,True,,70.30963030215615,2.38138533180834,3.4721409359999994e-05,1.4580340651394616e-05,6
c14,C-14 spectrum,150.0,2.5e13,True,True,,53.620850982313385,1.9694394095274002,3.34600396e-05,1.6989626305908692e-05,6
c14,C-14 spectrum,150.0,5e13,True,True,,42.516056885186224,1.5769701734412,3.4805349800000004e-05,2.2071026063891357e-05,6
c14,C-14 spectrum,180.0,0,True,True,,97.77561677551323,2.50219727377428,0.00012840177672,5.131560891133117e-05,6
c14,C-14 spectrum,180.0,1e12,True,True,,97.6954626322878,2.5652511242300196,3.228734012e-05,1.2586424703231072e-05,6
c14,C-14 spectrum,180.0,1e13,True,True,,68.598643936663,2.334767966512,0.000527846888,0.00022608109052848233,6
c14,C-14 spectrum,180.0,2.5e13,True,True,,51.692384706597636,1.9539098293494,3.17693686e-05,1.625938317254812e-05,6
c14,C-14 spectrum,180.0,5e13,True,True,,40.67586411210603,1.5761837175926001,3.29255714e-05,2.0889424901742547e-05,6
