# Geant4 3D energy deposition grid (sparse, non-zero cells only)
# NEvents: 100000
# xy_bin_mm: 0.01  z_bin_um: 0.2
x_mm,y_mm,depth_um,edep_eV
-0.0250,-0.0150,6.300,4.7410e+01
-0.0350,-0.0050,32.900,3.5660e+03
-0.0350,-0.0050,32.700,3.8345e+03
-0.0350,-0.0050,32.500,3.1604e+03
-0.0150,-0.0050,18.700,4.0300e+01
-0.0150,-0.0350,14.700,7.3370e+03
-0.0150,-0.0350,14.500,1.4485e+03
-0.0150,-0.0350,14.300,2.9142e+03
0.0050,0.0150,16.100,7.5045e+03
-0.0050,0.0550,8.100,4.0300e+01
-0.0450,0.0550,16.500,2.4534e+03
-0.0150,-0.0150,8.900,2.1968e+03
-0.0150,-0.0150,8.700,7.1530e+03
-0.0150,-0.0150,8.300,1.3646e+03
-0.0150,-0.0150,8.100,1.7786e+03
0.0150,0.0150,1.900,1.3536e+03
0.0150,0.0150,1.700,2.7989e+03
0.0150,0.0150,1.300,1.1787e+03
0.0150,0.0150,1.500,1.7819e+03
0.0250,-0.0150,25.700,8.2951e+03
-0.0150,0.0050,13.900,1.0180e+03
-0.0150,0.0050,13.700,1.3761e+04
-0.0150,0.0050,13.500,7.3427e+02
-0.0150,0.0050,13.100,8.2709e+02
-0.0150,-0.0150,6.900,2.2073e+03
-0.0150,-0.0150,7.100,1.7538e+03
-0.0150,-0.0150,8.500,1.9302e+03
0.0250,-0.0050,18.700,6.4964e+03
0.0250,-0.0050,18.900,2.4922e+03
-0.0250,-0.0350,40.500,3.3448e+03
-0.0250,-0.0350,40.700,6.5893e+03
-0.0250,-0.0350,40.900,2.0891e+03
0.1050,0.0050,34.500,7.0503e+03
0.1050,0.0050,34.900,3.6812e+03
0.1050,0.0050,35.100,2.4159e+03
-0.0150,0.0050,13.300,1.0543e+03
0.0350,0.0150,11.100,4.6230e+01
0.0050,0.0050,17.500,1.3487e+04
-0.0150,-0.0150,4.100,7.4737e+03
0.0150,-0.0650,15.500,8.3719e+03
0.0150,0.0150,3.500,8.9573e+03
-0.0150,-0.0050,11.300,2.6612e+03
-0.0150,-0.0050,11.100,2.7418e+03
-0.0250,0.0050,17.300,5.4861e+03
-0.0250,0.0050,17.100,2.1178e+03
0.0150,0.0150,12.500,7.5375e+03
-0.0050,0.0050,17.500,5.7111e+03
-0.0050,0.0050,17.300,4.9587e+03
-0.0050,0.0050,17.100,1.5298e+04
-0.0150,-0.0150,3.300,3.7716e+03
-0.0150,-0.0150,3.500,3.6009e+03
0.1050,0.0050,34.700,1.6971e+03
-0.0250,-0.0250,0.100,6.1172e+03
-0.0850,-0.0650,82.300,3.1166e+03
-0.0850,-0.0650,82.100,3.3696e+03
-0.0850,-0.0650,81.900,3.3814e+03
-0.0050,0.0050,16.900,1.0324e+04
0.0150,0.0050,28.900,1.7970e+01
-0.0050,-0.0150,12.500,2.4942e+03
-0.0150,0.0050,12.900,1.2841e+04
0.0150,-0.0050,13.100,5.9133e+03
-0.0050,-0.0050,54.100,4.6850e+01
0.0150,-0.0050,12.900,1.6105e+03
0.0150,-0.0050,12.700,9.0312e+03
-0.0250,-0.0150,13.700,4.0300e+01
0.0150,0.0050,9.700,4.1822e+04
0.0150,0.0050,12.900,4.9175e+03
0.0150,0.0050,12.700,1.4210e+04
0.0150,0.0050,12.500,2.0354e+03
0.0150,0.0050,12.100,3.6548e+02
0.0150,0.0050,11.900,1.0265e+04
0.0150,0.0050,11.700,6.8079e+03
0.0150,0.0050,11.500,1.4296e+03
-0.0150,-0.0050,11.500,1.2376e+04
-0.0150,-0.0050,11.700,7.7952e+03
-0.0150,-0.0050,11.900,9.5126e+03
-0.0150,-0.0050,12.100,1.1673e+04
0.0150,0.0050,13.700,5.6633e+02
0.0150,0.0050,13.500,2.7582e+02
0.0150,0.0050,13.300,1.0004e+03
0.0150,0.0050,13.100,8.1608e+02
0.0050,0.0050,17.300,6.1180e+03
-0.0050,-0.0150,9.300,6.3693e+04
-0.0150,0.0050,9.700,5.0622e+04
0.0250,-0.0150,33.100,2.6670e+01
0.0150,0.0150,37.300,4.0330e+01
0.0050,0.0050,17.100,1.2051e+04
0.0150,0.0050,9.900,5.9517e+04
-0.0150,0.0050,11.300,2.3830e+04
-0.0050,-0.0150,10.900,2.3909e+04
-0.0050,-0.0150,12.300,1.3696e+04
-0.0150,0.0050,12.700,7.6396e+03
-0.0050,-0.0150,12.100,1.2526e+04
-0.0150,0.0050,12.500,7.1069e+03
0.0150,0.0150,50.700,1.8302e+03
-0.0050,-0.0150,11.300,1.7095e+04
-0.0150,0.0050,11.700,5.4611e+03
0.0150,0.0150,50.500,6.2697e+03
-0.0050,-0.0150,11.100,1.2806e+04
-0.0150,0.0050,11.500,5.0844e+03
0.0050,0.0050,16.900,2.4959e+04
0.0050,0.0050,16.700,3.0824e+04
0.0050,0.0150,11.300,1.8894e+04
0.0150,-0.0050,10.900,2.1621e+04
0.0050,0.0150,11.100,5.8314e+03
0.0150,-0.0050,10.700,4.2074e+04
0.0150,-0.0050,12.100,1.0828e+03
-0.0250,-0.0350,13.700,4.7410e+01
0.0150,-0.0050,11.900,4.2566e+03
0.0050,0.0150,12.100,5.1197e+03
0.0150,-0.0050,11.700,1.1419e+04
0.0050,0.0150,11.900,1.2447e+04
0.0150,-0.0050,11.500,1.4718e+04
0.0150,0.0050,11.300,1.2214e+04
0.0150,0.0050,11.100,3.0175e+04
0.0150,0.0050,10.900,4.4316e+04
-0.0350,-0.0550,116.500,6.3701e+03
-0.0350,-0.0550,116.300,3.7376e+03
-0.0150,-0.0250,58.300,3.3190e+01
0.0550,0.0650,35.700,4.1253e+03
0.0450,-0.0650,76.700,5.8607e+03
0.0550,0.0650,35.900,5.0018e+03
0.0450,-0.0650,76.900,2.8635e+03
0.0250,-0.0350,41.500,5.3930e+01
0.0050,-0.0050,17.700,5.2157e+03
0.0050,-0.0050,17.500,1.0339e+04
0.0050,-0.0050,17.300,1.6710e+04
0.0050,-0.0050,17.100,1.4107e+04
0.0050,-0.0050,16.900,3.2598e+04
0.0050,-0.0050,16.700,3.2205e+04
0.0050,-0.0050,16.500,3.9724e+04
0.0050,-0.0050,16.300,4.3985e+04
0.0050,-0.0050,16.100,6.5751e+04
0.0150,0.0050,9.500,8.1338e+04
0.0150,0.0050,9.300,1.3244e+05
0.0150,0.0050,9.100,1.0895e+05
0.0150,0.0050,8.700,1.0687e+05
0.0150,0.0050,8.900,1.3594e+05
-0.0150,0.0050,9.900,2.7294e+04
-0.0050,-0.0150,9.500,4.1837e+04
-0.0150,0.0050,10.100,2.3355e+04
-0.0050,-0.0150,9.700,3.1006e+04
-0.0250,0.0250,10.700,1.3070e+01
-0.0150,0.0050,10.300,2.1202e+04
-0.0050,-0.0150,9.900,3.3739e+04
-0.0150,-0.0150,6.700,5.9727e+03
-0.0150,-0.0150,6.500,9.1603e+03
0.0150,0.0150,5.500,6.7152e+03
0.0150,0.0150,5.700,3.3221e+01
0.0150,0.0050,10.300,4.6294e+04
0.0150,0.0050,10.700,5.2908e+04
0.0150,0.0050,10.500,5.0732e+04
0.0050,0.0050,16.500,2.2624e+04
0.0050,0.0050,16.300,2.9184e+04
-0.0150,-0.0050,10.300,5.0970e+04
-0.0150,-0.0050,10.100,8.2691e+04
-0.0150,0.1050,9.700,1.2670e+03
-0.0150,-0.0050,9.900,3.3430e+04
-0.0150,0.1050,9.500,5.0904e+03
-0.0150,-0.0050,9.700,6.7831e+04
0.0050,0.0150,0.100,8.5386e+04
0.0050,0.0150,11.700,1.8044e+04
0.0150,-0.0050,11.300,3.6753e+04
0.0050,0.0150,11.500,1.2141e+04
0.0150,-0.0050,11.100,5.5779e+04
0.0050,-0.0050,15.500,1.2952e+05
0.0050,-0.0050,15.300,1.6765e+05
0.0150,-0.0050,12.300,2.3271e+03
0.0050,0.0150,12.700,1.3407e+03
0.0150,-0.0050,12.500,2.1286e+03
0.0050,0.0150,12.900,8.9727e+03
0.0050,0.0150,0.300,1.2739e+05
-0.0150,-0.0050,2.500,2.7033e+05
-0.0150,-0.0050,2.700,2.7513e+05
-0.0150,-0.0050,2.900,3.0029e+05
-0.0150,-0.0050,3.100,3.5173e+05
0.0150,0.0050,10.100,4.5553e+04
0.0050,-0.0050,15.900,8.6306e+04
0.0050,-0.0050,15.700,1.1155e+05
-0.0150,-0.0050,5.500,2.7298e+05
0.0050,-0.0050,15.100,1.7585e+05
-0.0150,-0.0050,10.900,1.9171e+04
0.0750,-0.0250,67.500,4.5619e+03
0.0150,0.0050,49.700,5.2739e+03
-0.0150,-0.0050,10.700,2.8638e+04
0.0750,-0.0250,67.300,2.2774e+03
0.0150,0.0050,49.500,4.2759e+03
-0.0150,-0.0050,10.500,3.8147e+04
0.0750,-0.0250,67.100,2.9503e+03
0.0350,-0.0150,37.500,3.9740e+01
0.0150,0.0050,4.900,3.1116e+05
0.0150,0.0050,5.100,2.2267e+05
-0.0150,-0.0150,11.900,1.0753e+04
0.0150,0.0050,0.100,5.7890e+04
0.0150,0.0050,0.300,9.0112e+04
0.0150,0.0050,0.500,8.4072e+04
0.0150,0.0050,4.700,3.1514e+05
0.0150,0.0050,4.500,3.0284e+05
0.0150,0.0050,0.700,1.1190e+05
-0.0050,0.0150,0.100,7.8832e+04
-0.0050,0.0150,0.300,1.0293e+05
-0.0150,-0.0050,5.700,3.3065e+05
0.0050,0.0050,16.100,5.0153e+04
0.0050,0.0050,15.900,8.0263e+04
0.0050,0.0050,15.700,1.2880e+05
0.0050,0.0050,15.500,1.4181e+05
0.0050,0.0050,15.300,1.5314e+05
0.0050,0.0050,15.100,2.4234e+05
0.0050,0.0050,14.900,2.9259e+05
0.0050,0.0050,14.700,3.5935e+05
0.0050,0.0050,14.500,4.9862e+05
0.0150,0.0050,4.100,3.2665e+05
0.0150,0.0050,4.300,3.3148e+05
-0.0150,-0.0350,42.300,2.1907e+03
-0.0150,-0.0150,22.100,4.6880e+01
-0.0050,-0.0050,102.300,4.7511e+03
-0.0050,-0.0150,1.500,2.0346e+05
-0.0150,0.0050,1.900,1.8835e+05
-0.0150,0.0050,0.100,7.4291e+04
-0.0150,0.0050,0.300,1.1673e+05
-0.0150,-0.0050,3.300,2.6703e+05
-0.0150,-0.0050,3.500,2.7441e+05
-0.0150,0.0050,8.500,1.1693e+05
-0.0050,-0.0150,8.100,1.3846e+05
-0.0150,-0.0050,0.100,9.1748e+04
-0.0150,-0.0350,42.100,5.8788e+03
-0.0050,-0.0050,102.100,5.7992e+02
-0.0050,-0.0150,1.300,2.5630e+05
-0.0150,0.0050,1.700,1.9513e+05
-0.0050,-0.0150,5.900,2.4825e+05
-0.0150,0.0050,6.300,2.4829e+05
-0.0050,-0.0150,5.700,2.9554e+05
-0.0150,0.0050,6.100,2.6646e+05
-0.0050,-0.0150,5.500,2.7643e+05
-0.0150,0.0050,5.900,2.4507e+05
-0.0050,-0.0150,5.300,2.9621e+05
-0.0150,0.0050,5.700,3.1643e+05
0.0850,-0.0250,4.900,8.7222e+02
0.0150,0.0050,7.900,1.5803e+05
0.0150,0.0050,6.500,1.9608e+05
-0.0150,-0.0050,8.100,1.3030e+05
-0.0150,-0.0050,8.300,9.5704e+04
-0.0150,-0.0050,8.500,1.3394e+05
-0.0150,-0.0050,8.700,1.1575e+05
-0.0150,-0.0050,8.900,5.8797e+04
0.0150,0.0150,50.900,1.2832e+03
-0.0150,0.0050,11.900,1.2520e+04
-0.0050,-0.0150,11.500,2.3840e+04
-0.0150,0.0050,12.100,4.2790e+03
-0.0050,-0.0150,11.700,1.1006e+04
-0.0150,0.0050,12.300,4.6970e+03
-0.0050,-0.0150,11.900,1.5953e+04
0.0150,0.0050,0.900,1.0738e+05
0.0150,-0.0050,8.700,7.7585e+04
0.0050,0.0150,9.100,1.0938e+05
0.0150,-0.0050,8.500,9.4839e+04
0.0050,0.0150,8.900,1.1423e+05
0.0150,-0.0050,8.300,1.4713e+05
0.0050,0.0150,8.700,7.1596e+04
0.0150,-0.0050,8.100,1.8978e+05
0.0050,0.0150,8.500,1.2324e+05
0.0150,-0.0050,7.900,1.8693e+05
0.0050,0.0150,8.300,2.2037e+05
0.0150,0.0050,5.300,2.1415e+05
0.0150,0.0050,5.500,2.2662e+05
0.0150,0.0050,5.700,2.6508e+05
0.0150,0.0050,5.900,2.6108e+05
-0.0050,-0.0150,4.300,2.9801e+05
-0.0150,0.0050,4.700,3.0716e+05
-0.0050,-0.0050,17.100,1.5931e+04
-0.0050,-0.0050,16.900,6.5333e+03
-0.0050,-0.0050,16.700,1.6488e+04
-0.0450,-0.0350,18.300,6.8676e+03
-0.0050,-0.0050,16.500,2.1197e+04
-0.0450,-0.0350,18.100,5.3858e+03
-0.0050,-0.0050,16.300,2.8289e+04
-0.0050,-0.0050,16.100,5.8364e+04
-0.0050,-0.0050,15.900,6.0462e+04
-0.0150,-0.0050,0.300,7.5270e+04
-0.0150,-0.0050,2.100,1.6206e+05
-0.0150,-0.0050,2.300,2.0305e+05
0.0150,0.0050,6.300,2.7265e+05
0.0150,0.0050,6.100,2.7971e+05
-0.0050,-0.0050,12.300,3.1915e+06
-0.0050,-0.0050,12.100,3.6095e+06
-0.0050,-0.0050,11.900,4.0201e+06
-0.0050,-0.0050,11.700,4.6867e+06
-0.0050,-0.0050,11.500,4.7582e+06
-0.0050,-0.0050,11.300,5.5220e+06
0.0150,-0.0050,2.700,2.5388e+05
0.0050,0.0150,3.100,2.9004e+05
-0.0050,-0.0050,11.100,6.1597e+06
-0.0050,-0.0050,14.500,5.0951e+05
-0.0050,-0.0050,14.300,6.4052e+05
-0.0050,-0.0050,14.100,6.8567e+05
-0.0050,-0.0050,13.900,8.9296e+05
-0.0050,-0.0050,13.700,1.0374e+06
0.0050,-0.0150,0.500,7.0466e+04
-0.0050,0.0050,0.900,1.7082e+07
-0.0050,-0.0050,13.500,1.4142e+06
0.0250,0.0350,19.500,4.0330e+01
0.0050,-0.0150,0.300,4.4346e+04
-0.0050,0.0050,0.700,1.6403e+07
-0.0050,-0.0050,13.300,1.6819e+06
0.0050,-0.0150,0.100,6.0909e+04
-0.0050,0.0050,0.500,1.4908e+07
-0.0050,-0.0050,13.100,1.9954e+06
-0.0050,0.0050,0.300,1.4667e+07
-0.0050,-0.0050,12.900,2.2091e+06
-0.0050,0.0050,0.100,1.0158e+07
0.0050,-0.0050,12.900,2.1309e+06
0.0050,0.0050,0.100,2.1625e+07
0.0050,-0.0050,12.700,2.5582e+06
-0.0050,0.0150,12.900,2.0535e+03
0.0050,-0.0050,12.500,2.9145e+06
-0.0050,0.0150,12.700,2.0291e+03
0.0050,-0.0050,12.300,3.2315e+06
-0.0050,0.0150,12.500,9.1212e+03
0.0050,-0.0050,12.100,3.6860e+06
-0.0050,0.0150,12.300,5.3966e+03
0.0050,-0.0050,11.900,4.0333e+06
-0.0050,0.0150,12.100,4.8353e+03
0.0050,-0.0050,11.700,4.6132e+06
-0.0050,0.0150,11.900,7.2967e+03
0.0050,-0.0050,11.500,5.2777e+06
-0.0050,0.0150,11.700,1.5022e+04
0.0050,-0.0050,11.300,5.8072e+06
-0.0050,0.0150,11.500,2.5093e+04
0.0050,-0.0050,11.100,6.3035e+06
-0.0050,0.0150,11.300,3.2004e+04
0.0050,-0.0050,10.900,6.9624e+06
-0.0050,0.0150,11.100,3.0310e+04
0.0050,-0.0050,10.700,7.4917e+06
-0.0050,0.0150,10.900,5.0754e+04
0.0050,-0.0050,10.500,7.9020e+06
-0.0050,0.0150,10.700,5.3161e+04
0.0050,-0.0050,10.300,9.0750e+06
-0.0050,0.0150,10.500,8.5458e+03
0.0050,-0.0050,10.100,9.4027e+06
-0.0050,0.0150,10.300,2.0545e+04
0.0050,-0.0050,9.900,1.0398e+07
-0.0050,0.0150,10.100,2.4580e+04
0.0050,-0.0050,9.700,1.1018e+07
-0.0050,0.0150,9.900,5.8486e+04
0.0050,-0.0050,9.500,1.2043e+07
-0.0050,0.0150,9.700,5.2499e+04
0.0050,-0.0050,9.300,1.2862e+07
-0.0150,0.0050,5.100,4.1529e+05
-0.0050,-0.0150,4.700,2.9440e+05
-0.0050,0.0150,8.100,1.0988e+05
0.0050,-0.0050,7.700,1.8606e+07
-0.0150,0.0050,3.500,2.6254e+05
-0.0050,-0.0150,3.100,3.1077e+05
-0.0050,-0.0050,10.900,6.7136e+06
-0.0050,-0.0050,10.700,7.6021e+06
-0.0050,-0.0050,10.500,8.3836e+06
-0.0050,-0.0050,10.300,8.8325e+06
-0.0050,-0.0050,10.100,9.3870e+06
-0.0050,-0.0050,9.900,1.0129e+07
-0.0050,0.1050,8.700,1.0462e+03
-0.0050,-0.0050,8.900,1.3811e+07
0.0050,0.0050,13.500,1.3160e+06
-0.0050,0.1050,8.500,1.8086e+03
-0.0050,-0.0050,8.700,1.4840e+07
0.0050,0.0050,13.300,1.6213e+06
-0.0050,-0.0050,8.500,1.4943e+07
0.0050,0.0050,13.100,1.7812e+06
-0.0050,-0.0050,8.300,1.5798e+07
0.0050,0.0050,12.900,2.0247e+06
-0.0050,-0.0050,8.100,1.6610e+07
0.0050,0.0050,12.700,2.3181e+06
-0.0050,0.0150,7.900,1.8454e+05
0.0050,-0.0050,7.500,1.8793e+07
-0.0150,0.0050,3.300,2.5919e+05
-0.0050,-0.0150,2.900,2.7072e+05
-0.0050,0.0150,7.700,1.3940e+05
0.0050,-0.0050,7.300,1.9913e+07
-0.0150,0.0050,3.100,3.3565e+05
-0.0050,-0.0150,2.700,3.1925e+05
-0.0050,0.0150,7.500,1.6805e+05
0.0050,-0.0050,7.100,2.0536e+07
-0.0050,0.0150,7.300,1.6610e+05
0.0050,-0.0050,6.900,2.0853e+07
-0.0050,-0.0050,7.900,1.7330e+07
0.0050,0.0050,12.500,2.8620e+06
-0.0050,-0.0050,7.700,1.7987e+07
0.0050,0.0050,12.300,3.3832e+06
-0.0050,-0.0050,7.500,1.9098e+07
0.0050,0.0050,12.100,3.6879e+06
-0.0050,-0.0050,7.300,1.9611e+07
0.0050,0.0050,11.900,4.1191e+06
-0.0050,-0.0050,7.100,2.0142e+07
0.0050,0.0050,11.700,4.5406e+06
-0.0050,-0.0050,6.900,2.0562e+07
0.0050,0.0050,11.500,5.4187e+06
-0.0050,-0.0050,6.700,2.0846e+07
0.0050,0.0050,11.300,5.7884e+06
-0.0150,0.0050,52.300,6.3060e+03
0.0050,0.0050,11.100,6.1828e+06
-0.0050,-0.0050,6.300,2.2198e+07
-0.0150,0.0050,52.100,2.5671e+02
0.0050,0.0050,10.900,6.9164e+06
-0.0050,-0.0050,6.100,2.3322e+07
0.0050,0.0050,10.700,7.6353e+06
-0.0050,-0.0050,5.900,2.3833e+07
0.0050,0.0050,10.500,8.3072e+06
-0.0050,-0.0050,5.700,2.4004e+07
0.0050,0.0050,10.300,9.0395e+06
-0.0050,-0.0050,5.500,2.4568e+07
0.0050,0.0050,10.100,9.9809e+06
-0.0050,-0.0050,5.300,2.4917e+07
0.0050,0.0050,9.900,1.0640e+07
-0.0050,-0.0050,5.100,2.4965e+07
0.0050,0.0050,9.700,1.1400e+07
-0.0050,-0.0050,4.900,2.5502e+07
0.0050,0.0050,9.500,1.2114e+07
-0.0150,0.0150,5.100,5.3456e+03
-0.0050,-0.0050,4.700,2.5608e+07
0.0050,0.0050,9.300,1.2459e+07
-0.0150,0.0150,4.900,3.7297e+03
-0.0050,-0.0050,4.500,2.5500e+07
0.0050,0.0050,9.100,1.3127e+07
-0.0150,0.0150,4.700,2.4107e+03
-0.0050,-0.0050,4.300,2.6243e+07
0.0050,0.0050,8.900,1.4004e+07
-0.0150,0.0150,4.500,3.1155e+03
-0.0050,-0.0050,4.100,2.6664e+07
0.0050,0.0050,8.700,1.4898e+07
0.0050,-0.0150,6.700,2.0452e+05
-0.0050,0.0050,7.100,1.9398e+07
-0.0150,0.0150,4.300,7.6356e+03
-0.0050,-0.0050,3.900,2.5785e+07
0.0150,-0.0150,8.100,2.2712e+03
0.0050,0.0050,8.500,1.5619e+07
-0.0050,-0.0050,3.700,2.5702e+07
0.0150,-0.0150,7.900,3.6339e+03
0.0050,0.0050,8.300,1.6586e+07
-0.0050,-0.0050,3.500,2.6039e+07
0.0150,-0.0150,7.700,9.4641e+03
0.0050,0.0050,8.100,1.7449e+07
-0.0050,-0.0050,3.300,2.5305e+07
0.0050,0.0050,7.900,1.7596e+07
-0.0050,0.1050,9.500,4.5754e+03
-0.0050,-0.0050,9.700,1.0665e+07
0.0050,0.0050,14.300,6.7142e+05
-0.0050,0.1050,9.300,4.0033e+03
-0.0050,-0.0050,9.500,1.1330e+07
0.0050,0.0050,14.100,8.0371e+05
-0.0050,0.1050,9.100,9.4806e+02
-0.0050,-0.0050,9.300,1.2119e+07
0.0050,0.0050,13.900,9.3729e+05
-0.0050,0.1050,8.900,6.8903e+02
-0.0050,-0.0050,9.100,1.3190e+07
0.0050,0.0050,13.700,1.0630e+06
-0.0050,0.0150,9.500,8.0693e+04
0.0050,-0.0050,9.100,1.3191e+07
-0.0150,0.0050,4.900,3.2666e+05
-0.0050,-0.0150,4.500,2.9635e+05
-0.0050,0.0150,9.300,1.3895e+05
0.0050,-0.0050,8.900,1.4067e+07
-0.0050,0.0150,9.100,1.2562e+05
0.0050,-0.0050,8.700,1.4638e+07
-0.0150,0.0050,4.500,2.7281e+05
-0.0050,-0.0150,4.100,3.2731e+05
-0.0050,0.0150,8.900,1.3868e+05
0.0050,-0.0050,8.500,1.5371e+07
0.0750,0.0250,20.500,5.3031e+03
-0.0150,0.0050,4.300,2.3430e+05
-0.0050,-0.0150,3.900,2.9076e+05
-0.0050,0.0150,8.700,1.6900e+05
0.0050,-0.0050,8.300,1.6513e+07
0.0750,0.0250,20.300,2.1091e+03
-0.0150,0.0050,4.100,2.8844e+05
-0.0050,-0.0150,3.700,2.6978e+05
-0.0050,0.0150,8.500,1.2885e+05
0.0050,-0.0050,8.100,1.7224e+07
-0.0150,0.0050,3.900,2.9823e+05
-0.0050,-0.0150,3.500,3.2221e+05
-0.0050,0.0150,8.300,9.7141e+04
0.0050,-0.0050,7.900,1.7943e+07
-0.0150,0.0050,3.700,2.2252e+05
-0.0050,-0.0150,3.300,3.3264e+05
0.0050,-0.0150,6.500,2.3023e+05
-0.0050,0.0050,6.900,2.1068e+07
0.0050,-0.0150,6.300,1.9872e+05
-0.0050,0.0050,6.700,2.1754e+07
0.0050,-0.0150,6.100,1.8401e+05
-0.0350,-0.0350,108.700,8.1296e+02
-0.0050,0.0050,6.500,2.2353e+07
-0.0150,-0.0050,1.900,1.9690e+05
0.0050,-0.0150,5.900,1.7232e+05
-0.0350,-0.0350,108.500,4.8748e+03
-0.0050,0.0050,6.300,2.2853e+07
-0.0150,-0.0050,1.700,2.1841e+05
0.0050,-0.0150,5.700,1.7853e+05
-0.0050,0.0050,6.100,2.3357e+07
-0.0150,-0.0050,1.500,1.8365e+05
0.0050,-0.0150,5.500,2.4314e+05
-0.0050,0.0050,5.900,2.3249e+07
-0.0150,-0.0050,1.300,2.3152e+05
-0.0150,0.0050,26.300,3.5725e+03
0.0050,-0.0150,5.300,3.1103e+05
-0.0050,0.0050,5.700,2.4030e+07
0.0150,-0.0050,9.900,4.9547e+04
0.0050,0.0150,10.300,3.9885e+04
-0.0150,-0.0050,1.100,2.0928e+05
-0.0150,0.0050,26.100,3.4821e+03
0.0050,-0.0150,5.100,3.0964e+05
-0.0050,0.0050,5.500,2.4550e+07
0.0150,-0.0050,9.700,3.4327e+04
0.0050,0.0150,10.100,5.3829e+04
-0.0150,-0.0050,0.900,1.5824e+05
-0.0150,0.0150,1.500,7.5789e+03
-0.0050,-0.0050,1.100,1.8521e+07
0.0250,0.0150,65.300,5.8960e+03
0.0050,0.0050,5.700,2.3692e+07
-0.0050,-0.0150,7.300,1.3973e+05
-0.0150,0.0050,7.700,1.3216e+05
-0.0150,0.0150,0.700,1.9431e+04
-0.0050,-0.0050,0.300,1.4032e+07
0.0050,0.0050,4.900,2.5121e+07
-0.0150,-0.0050,4.700,3.6423e+05
-0.0050,-0.0150,7.100,1.6776e+05
-0.0150,0.0050,7.500,1.8399e+05
-0.0050,-0.0050,0.100,1.0353e+07
0.0050,0.0050,4.700,2.5385e+07
0.0050,0.0050,7.700,1.8681e+07
-0.0050,-0.0050,3.100,2.5252e+07
-0.0150,-0.0050,4.500,3.2368e+05
-0.0050,-0.0150,6.900,2.0013e+05
-0.0150,0.0050,7.300,2.1973e+05
0.0050,0.0050,7.500,1.9441e+07
-0.0050,-0.0050,2.900,2.5499e+07
0.0050,-0.0150,8.500,1.0073e+05
-0.0050,0.0050,8.900,1.4023e+07
-0.0150,-0.0050,4.300,3.0427e+05
-0.0050,-0.0150,6.700,2.3788e+05
-0.0150,0.0050,7.100,2.0057e+05
0.0050,0.0050,7.300,2.0006e+07
-0.0050,-0.0050,2.700,2.4397e+07
0.0050,-0.0150,8.300,9.2517e+04
-0.0050,0.0050,8.700,1.5032e+07
-0.0150,-0.0050,4.100,2.8586e+05
-0.0050,-0.0150,6.500,2.9624e+05
-0.0550,-0.0250,8.700,3.3220e+01
-0.0150,0.0050,6.900,2.1787e+05
0.0050,0.0050,7.100,2.0780e+07
-0.0050,-0.0050,2.500,2.3870e+07
0.0050,-0.0150,8.100,1.1397e+05
-0.0050,0.0050,8.500,1.5288e+07
-0.0150,-0.0050,3.900,3.3249e+05
-0.0050,-0.0150,6.300,2.4659e+05
-0.0150,0.0050,6.700,2.7424e+05
0.0050,0.0050,6.900,2.1200e+07
-0.0050,-0.0050,2.300,2.3980e+07
-0.0050,-0.0150,6.100,2.2555e+05
-0.0150,0.0050,6.500,1.9075e+05
0.0050,0.0050,6.700,2.1302e+07
-0.0050,-0.0050,2.100,2.3709e+07
0.0050,0.0050,6.500,2.2238e+07
-0.0050,-0.0050,1.900,2.2324e+07
0.0050,0.0050,6.300,2.2329e+07
-0.0050,-0.0050,1.700,2.1312e+07
-0.0250,0.0250,47.700,5.2753e+03
0.0050,0.0050,6.100,2.3151e+07
-0.0050,-0.0050,1.500,2.0795e+07
-0.0050,-0.0050,6.500,2.1140e+07
-0.0350,-0.0450,108.700,4.4464e+03
-0.0250,0.0250,47.500,8.0038e+03
0.0050,0.0050,5.900,2.3069e+07
-0.0050,-0.0050,1.300,1.9492e+07
0.0250,0.0150,65.100,4.4648e+03
0.0050,0.0050,5.500,2.3805e+07
-0.0150,0.0150,1.300,8.4508e+03
-0.0050,-0.0050,0.900,1.7890e+07
0.0050,0.0050,5.300,2.4491e+07
-0.0150,0.0150,1.100,7.3818e+02
-0.0050,0.0050,101.500,5.3728e+03
-0.0050,-0.0050,0.700,1.6475e+07
0.0050,0.0050,5.100,2.5054e+07
-0.0150,0.0150,0.900,2.5260e+03
-0.0050,-0.0050,0.500,1.5660e+07
0.0050,0.0050,4.500,2.5515e+07
0.0050,0.0050,4.300,2.6013e+07
0.0050,0.0050,4.100,2.6087e+07
0.0050,0.0050,3.900,2.6229e+07
0.0550,-0.0050,21.700,3.3250e+01
0.0050,0.0050,3.700,2.6317e+07
0.0050,0.0050,3.500,2.5608e+07
-0.0850,-0.0350,7.300,3.3949e+03
0.0050,0.0050,3.300,2.6028e+07
-0.0850,-0.0350,7.100,6.9154e+03
0.0050,0.0050,3.100,2.5060e+07
-0.0050,0.0050,23.500,7.6833e+03
0.0050,0.0050,2.900,2.4477e+07
0.0050,0.0050,2.500,2.4171e+07
-0.0150,0.0050,11.100,6.4215e+03
-0.0050,-0.0150,10.700,5.1282e+04
0.0050,0.0050,2.300,2.3291e+07
-0.0150,0.0050,10.900,1.1584e+04
-0.0050,-0.0150,10.500,1.5966e+04
0.0050,0.0050,2.100,2.3039e+07
0.0050,-0.0050,14.900,3.0610e+05
-0.0150,0.0050,10.700,3.5613e+04
-0.0050,-0.0150,10.300,3.6747e+04
0.0050,0.0050,1.900,2.2142e+07
0.0050,-0.0050,14.700,4.5048e+05
-0.0150,0.0050,10.500,1.8338e+04
-0.0050,-0.0150,10.100,2.0244e+04
0.0050,0.0050,1.700,2.1778e+07
0.0050,-0.0050,14.500,4.8150e+05
0.0050,0.0050,1.500,2.1176e+07
0.0050,-0.0050,14.300,6.1144e+05
0.0050,0.0050,1.300,1.9065e+07
0.0050,-0.0050,14.100,7.1682e+05
0.0050,0.0050,1.100,1.8772e+07
0.0050,-0.0050,13.900,8.8905e+05
0.0150,-0.0150,0.500,3.6746e+03
0.0050,0.0050,0.900,1.7105e+07
0.0050,-0.0050,13.700,1.1940e+06
0.0050,0.0050,0.700,1.6481e+07
0.0050,-0.0050,13.500,1.3630e+06
0.0050,0.0050,0.500,1.5587e+07
0.0050,-0.0050,13.300,1.4598e+06
0.0050,0.0050,0.300,1.4593e+07
0.0050,-0.0050,13.100,1.7638e+06
0.0050,-0.0150,9.300,3.9821e+04
-0.0050,0.0050,9.700,1.1373e+07
0.0450,-0.0150,2.500,3.3190e+01
-0.0150,-0.0050,5.100,2.8658e+05
0.0150,0.0050,6.900,1.8394e+05
-0.0050,-0.0150,7.700,1.4711e+05
-0.0150,0.0050,8.100,1.6304e+05
0.0050,-0.0150,9.500,6.4684e+04
-0.0050,0.0050,9.900,1.0067e+07
-0.0150,-0.0050,5.300,2.5781e+05
0.0150,0.0050,7.100,1.6517e+05
-0.0450,-0.0250,11.900,7.9316e+03
0.0050,-0.0150,9.700,4.9265e+04
-0.0050,0.0050,10.100,9.5148e+06
0.0050,0.0050,27.900,4.6850e+01
0.0850,-0.0250,4.300,4.8904e+03
0.0150,0.0050,7.300,1.4011e+05
-0.0150,-0.0050,4.900,2.5208e+05
0.0150,0.0050,6.700,2.4499e+05
-0.0050,-0.0150,7.500,1.6954e+05
-0.0150,0.0050,7.900,1.5211e+05
0.0050,-0.0150,9.900,3.7952e+04
-0.0050,0.0050,10.300,8.6680e+06
0.0850,-0.0250,4.500,3.1597e+03
0.0150,0.0050,7.500,1.3997e+05
0.0050,-0.0150,2.700,2.5217e+05
-0.0050,0.0050,3.100,2.4861e+07
-0.0150,0.0050,0.500,1.9482e+05
-0.0050,-0.0150,0.100,7.8506e+04
-0.0450,-0.0650,22.700,1.9459e+03
-0.0050,-0.0050,101.500,9.9194e+02
-0.0150,0.0050,1.100,1.8241e+05
-0.0050,-0.0150,0.700,1.4181e+05
0.0050,0.0050,2.700,2.4644e+07
-0.0050,0.0150,0.500,1.2392e+05
0.0050,-0.0050,0.100,1.0106e+07
0.0850,-0.0250,4.700,8.8556e+03
0.0150,0.0050,7.700,1.5842e+05
0.0050,-0.0050,4.700,2.6361e+07
-0.0050,0.0150,5.100,2.3950e+05
0.0050,-0.0150,6.900,2.0617e+05
-0.0050,0.0050,7.300,1.9485e+07
0.0050,-0.0150,7.700,8.9674e+04
-0.0050,0.0050,8.100,1.6622e+07
0.0150,0.0050,8.300,1.3241e+05
0.0050,-0.0150,7.900,1.0434e+05
-0.0050,0.0050,8.300,1.6446e+07
-0.0150,-0.0050,3.700,2.7002e+05
-0.0050,-0.0050,21.500,6.3054e+03
-0.0050,0.0150,1.300,1.7075e+05
0.0050,-0.0050,0.900,1.7454e+07
0.0150,0.0050,8.500,1.1403e+05
0.0050,0.0050,28.700,3.3780e+01
0.0150,0.0050,8.100,1.7968e+05
0.0050,-0.0150,10.100,2.2608e+04
-0.0050,0.0050,10.500,8.0213e+06
-0.0150,-0.0050,5.900,2.3112e+05
0.0050,-0.0150,10.300,1.0209e+04
-0.0050,0.0050,10.700,7.6498e+06
-0.0150,-0.0050,6.100,1.9999e+05
-0.0250,0.0050,52.100,3.1894e+03
0.0050,-0.0150,10.500,2.9614e+04
-0.0050,0.0050,10.900,6.6398e+06
-0.0150,-0.0050,6.300,2.4988e+05
-0.0050,-0.0050,25.100,5.2311e+03
-0.0050,0.0150,4.900,2.3474e+05
0.0050,-0.0050,4.500,2.5667e+07
0.0150,-0.0050,8.900,7.7146e+04
0.0050,0.0150,9.300,1.2160e+05
0.0150,-0.0050,9.100,7.7772e+04
0.0050,0.0150,9.500,5.8747e+04
-0.0150,-0.0050,0.500,1.0479e+05
0.0050,-0.0150,4.900,3.3685e+05
-0.0050,0.0050,5.300,2.4417e+07
-0.0150,-0.0050,0.700,1.3058e+05
-0.0050,-0.0050,24.900,1.9165e+03
0.0050,-0.0050,4.300,2.6146e+07
-0.0050,0.0150,4.700,2.9321e+05
-0.0050,-0.0050,24.700,2.0910e+03
0.0050,-0.0050,4.100,2.6109e+07
-0.0050,0.0150,4.500,3.1917e+05
0.0050,-0.0150,1.500,1.9033e+05
-0.0050,0.0050,1.900,2.2020e+07
-0.0050,-0.0050,14.700,3.5565e+05
0.0050,-0.0150,1.700,1.3220e+05
-0.0050,0.0050,2.100,2.2925e+07
-0.0050,-0.0050,14.900,2.8274e+05
-0.0050,-0.0150,22.500,4.6820e+01
0.0050,-0.0150,1.900,2.0582e+05
-0.0050,0.0050,2.300,2.3092e+07
-0.0050,-0.0050,15.100,2.5596e+05
0.0050,-0.0150,2.100,1.7629e+05
-0.0050,0.0050,2.500,2.3469e+07
-0.0050,-0.0050,15.300,1.6588e+05
0.0050,-0.0150,2.300,2.1315e+05
-0.0050,0.0050,2.700,2.4436e+07
-0.0050,-0.0050,15.500,1.6841e+05
0.0050,-0.0150,2.500,2.5159e+05
-0.0050,0.0050,2.900,2.4624e+07
-0.0050,-0.0050,15.700,1.0473e+05
-0.0050,-0.0050,12.500,2.8872e+06
-0.0050,-0.0050,12.700,2.7502e+06
-0.0050,0.0050,13.100,1.9069e+06
0.0050,-0.0150,12.500,9.2896e+02
-0.0050,0.0050,12.900,2.1722e+06
-0.0050,0.0050,13.300,1.6217e+06
0.0050,-0.0150,10.700,1.9317e+04
-0.0050,0.0050,11.100,6.1892e+06
-0.0150,-0.0050,6.500,2.3713e+05
0.0050,-0.0150,10.900,2.5078e+04
-0.0050,0.0050,11.300,5.5075e+06
-0.0150,-0.0050,6.700,2.0187e+05
0.0050,0.0150,6.900,1.9143e+05
0.0150,-0.0050,6.500,2.5379e+05
0.0050,0.0150,7.100,1.5733e+05
0.0150,-0.0050,6.700,1.5636e+05
0.0050,0.0150,7.300,2.2357e+05
0.0150,-0.0050,6.900,2.0092e+05
0.0050,0.0150,6.700,2.5733e+05
0.0150,-0.0050,6.300,2.1338e+05
0.0050,-0.0150,11.100,3.6478e+04
-0.0050,0.0050,11.500,5.1205e+06
-0.0150,-0.0050,6.900,1.9257e+05
0.0050,-0.0150,11.300,1.9775e+04
-0.0050,0.0050,11.700,4.5428e+06
-0.0150,-0.0050,7.100,1.8524e+05
0.0050,-0.0150,11.500,4.9179e+04
-0.0050,0.0050,11.900,4.3070e+06
-0.0150,-0.0050,7.300,2.0515e+05
0.0050,-0.0150,11.700,2.1124e+04
-0.0050,0.0050,12.100,3.9121e+06
-0.0150,-0.0050,7.500,1.4240e+05
0.0050,-0.0150,11.900,1.3982e+04
-0.0050,0.0050,12.300,3.3236e+06
-0.0150,-0.0050,7.700,1.4094e+05
0.0050,-0.0150,12.100,2.7478e+04
-0.0050,0.0050,12.500,3.0547e+06
-0.0150,-0.0050,7.900,1.3346e+05
-0.0050,-0.0050,101.900,8.0812e+02
-0.0050,-0.0150,1.100,2.0874e+05
-0.0150,0.0050,1.500,2.1655e+05
0.0050,-0.0050,5.700,2.4045e+07
-0.0050,0.0150,6.100,2.6279e+05
-0.0050,-0.0050,101.700,3.0264e+02
-0.0050,-0.0150,0.900,1.9592e+05
-0.0150,0.0050,1.300,1.6386e+05
0.0050,-0.0050,5.500,2.4398e+07
-0.0050,0.0150,5.900,3.0532e+05
0.0050,0.0150,6.300,2.7122e+05
0.0150,-0.0050,5.900,2.5442e+05
-0.0050,0.0050,1.700,2.1430e+07
0.0050,-0.0150,1.300,1.5541e+05
0.0050,0.0150,6.500,2.4961e+05
0.0150,-0.0050,6.100,2.6432e+05
0.0050,0.0150,7.500,2.2100e+05
0.0150,-0.0050,7.100,1.8822e+05
0.0550,-0.0350,66.100,2.2063e+02
0.0050,0.0150,7.700,2.2072e+05
0.0150,-0.0050,7.300,2.4461e+05
0.0050,0.0150,7.900,1.4099e+05
0.0150,-0.0050,7.500,1.7590e+05
-0.0050,0.0050,3.300,2.5216e+07
0.0050,-0.0150,2.900,2.4305e+05
0.0050,0.0150,8.100,1.6983e+05
0.0150,-0.0050,7.700,1.3227e+05
-0.0050,0.0050,3.500,2.4985e+07
0.0050,-0.0150,3.100,2.5140e+05
0.0050,-0.0150,12.300,8.8591e+03
-0.0050,0.0050,12.700,2.5473e+06
-0.0450,-0.0650,22.500,6.4413e+03
-0.0050,-0.0150,0.500,1.3056e+05
-0.0150,0.0050,0.900,1.7675e+05
0.0050,-0.0050,5.100,2.5517e+07
-0.0050,0.0150,5.500,2.2466e+05
-0.0050,-0.0150,0.300,1.1465e+05
-0.0150,0.0050,0.700,1.5544e+05
0.0050,-0.0050,4.900,2.5382e+07
-0.0050,0.0150,5.300,3.0179e+05
-0.0050,-0.0150,4.900,3.0694e+05
-0.0150,0.0050,5.300,3.3724e+05
-0.0050,-0.0150,5.100,2.4940e+05
-0.0150,0.0050,5.500,3.2706e+05
-0.0050,-0.0150,7.900,1.0819e+05
-0.0150,0.0050,8.300,1.2352e+05
0.0050,0.0150,6.100,2.3076e+05
0.0150,-0.0050,5.700,2.4316e+05
-0.0050,0.0050,1.500,2.0386e+07
0.0050,-0.0150,1.100,1.3913e+05
0.0050,0.0150,5.900,2.3511e+05
0.0150,-0.0050,5.500,2.5150e+05
-0.0050,0.0050,1.300,2.0171e+07
0.0050,-0.0150,0.900,1.0403e+05
0.0050,0.0150,5.700,2.8621e+05
0.0150,-0.0050,5.300,2.2578e+05
-0.0050,0.0050,1.100,1.8207e+07
0.0050,-0.0150,0.700,1.0866e+05
0.0050,0.0150,5.500,3.8362e+05
0.0150,-0.0050,5.100,2.6154e+05
0.0050,0.0150,5.300,3.0183e+05
0.0150,-0.0050,4.900,2.7656e+05
0.0050,0.0150,5.100,3.1379e+05
0.0150,-0.0050,4.700,2.4891e+05
0.0050,0.0150,4.900,2.6241e+05
0.0150,-0.0050,4.500,2.2378e+05
-0.0050,-0.0050,45.500,3.3190e+01
0.0050,0.0150,4.700,2.5848e+05
0.0150,-0.0050,4.300,2.8398e+05
0.0050,0.0150,4.500,3.4908e+05
0.0150,-0.0050,4.100,2.7980e+05
0.0050,-0.0050,24.500,9.3721e+02
0.0050,0.0150,4.300,3.3592e+05
0.0150,-0.0050,3.900,2.9501e+05
0.0050,-0.0050,24.300,1.0050e+03
0.0050,0.0150,4.100,3.1777e+05
0.0150,-0.0050,3.700,2.4640e+05
0.0050,0.0150,3.900,4.0315e+05
0.0150,-0.0050,3.500,2.8079e+05
0.0050,0.0150,3.700,3.3240e+05
0.0150,-0.0050,3.300,3.4682e+05
0.0050,0.0150,3.500,3.0529e+05
0.0150,-0.0050,3.100,2.5951e+05
0.0050,0.0150,3.300,2.7627e+05
0.0150,-0.0050,2.900,2.6264e+05
0.0050,0.0150,1.500,2.1669e+05
0.0150,-0.0050,1.100,1.3353e+05
-0.0050,0.0150,21.900,7.0288e+03
0.0050,0.0150,1.300,1.9412e+05
0.0150,-0.0050,0.900,1.4856e+05
0.0050,0.0150,1.100,1.7887e+05
0.0150,-0.0050,0.700,1.4794e+05
-0.0450,-0.0350,43.500,2.6700e+01
0.0050,0.0150,0.900,1.8850e+05
0.0150,-0.0050,0.500,1.0835e+05
0.0050,0.0150,0.700,1.1988e+05
0.0150,-0.0050,0.300,1.2552e+05
0.0050,0.0150,0.500,1.6220e+05
0.0150,-0.0050,0.100,9.1591e+04
0.0050,-0.0050,0.500,1.5067e+07
-0.0050,0.0150,0.900,9.9605e+04
-0.0050,0.0050,13.700,1.1373e+06
-0.0150,-0.0050,9.100,7.6944e+04
-0.0050,-0.0050,21.300,5.5652e+03
0.0050,-0.0050,0.700,1.6585e+07
-0.0050,0.0150,1.100,1.4966e+05
-0.0150,-0.0050,9.300,6.0073e+04
-0.0050,0.0050,13.900,1.0244e+06
0.0050,-0.0050,0.300,1.4126e+07
-0.0050,0.0150,0.700,1.2726e+05
-0.0050,0.0050,13.500,1.3697e+06
0.0150,0.0050,2.500,3.6066e+05
-0.0150,-0.0150,84.700,1.8014e+03
0.0150,0.0050,2.700,3.1605e+05
0.0150,0.0050,3.700,3.2759e+05
0.0150,0.0050,3.500,2.9540e+05
0.0150,0.0050,3.300,3.1278e+05
-0.0150,-0.0150,85.100,6.5386e+03
0.0150,0.0050,3.100,3.5816e+05
-0.0150,-0.0150,84.900,6.6204e+03
0.0150,0.0050,2.900,2.9878e+05
0.0050,-0.0050,1.700,2.1068e+07
-0.0050,0.0150,2.100,2.1086e+05
-0.0050,0.0050,14.900,3.7887e+05
0.0050,-0.0050,1.900,2.2039e+07
-0.0050,0.0150,2.300,2.1895e+05
-0.0050,0.0050,15.100,1.4834e+05
0.0050,-0.0050,2.100,2.3408e+07
-0.0050,0.0150,2.500,2.6501e+05
-0.0050,0.0050,15.300,1.1941e+05
0.0050,-0.0050,2.300,2.4005e+07
-0.0050,0.0150,2.700,2.5754e+05
-0.0050,0.0050,15.500,1.4484e+05
0.0050,-0.0050,2.500,2.4337e+07
-0.0050,0.0150,2.900,2.2054e+05
-0.0050,0.0050,15.700,9.0129e+04
0.0050,0.0150,2.100,2.9268e+05
0.0150,-0.0050,1.700,1.9772e+05
0.0050,0.0150,2.300,3.1428e+05
0.0150,-0.0050,1.900,2.2005e+05
0.0050,0.0150,1.900,2.3074e+05
0.0150,-0.0050,1.500,2.4793e+05
0.0050,0.0150,1.700,2.5120e+05
0.0150,-0.0050,1.300,1.6819e+05
0.0050,0.0150,2.700,2.3350e+05
0.0150,-0.0050,2.300,2.6433e+05
-0.0150,0.1050,9.300,1.4403e+03
-0.0150,-0.0050,9.500,4.5365e+04
-0.0050,0.0050,14.100,8.4358e+05
0.0050,-0.0050,3.100,2.5454e+07
-0.0050,0.0150,3.500,2.4341e+05
-0.0050,0.0050,16.300,8.3558e+04
0.0050,-0.0050,3.300,2.5627e+07
-0.0050,0.0150,3.700,2.9738e+05
0.0250,0.0150,55.500,7.4515e+03
-0.0050,0.0050,16.500,3.4438e+04
0.0050,-0.0050,3.500,2.5849e+07
-0.0050,0.0150,3.900,3.1052e+05
-0.0050,0.0050,16.700,4.2915e+04
0.0050,-0.0050,3.700,2.5635e+07
-0.0050,0.0150,4.100,3.4944e+05
-0.0050,-0.0050,24.500,5.7671e+02
0.0050,-0.0050,3.900,2.6217e+07
-0.0050,0.0150,4.300,2.3720e+05
-0.0050,0.0050,3.700,2.5715e+07
0.0050,-0.0150,3.300,2.2881e+05
-0.0050,0.0050,3.900,2.5773e+07
0.0050,-0.0150,3.500,2.4867e+05
-0.0050,0.0050,4.100,2.6058e+07
0.0050,-0.0150,3.700,3.1512e+05
-0.0050,0.0050,14.300,6.3927e+05
0.0050,-0.0050,1.100,1.8467e+07
-0.0050,0.0150,1.500,1.2892e+05
-0.0050,0.0050,14.500,5.7366e+05
0.0050,-0.0050,1.300,1.9539e+07
-0.0050,0.0150,1.700,1.5212e+05
-0.0050,0.0050,14.700,4.6494e+05
0.0050,-0.0050,1.500,2.0393e+07
-0.0050,0.0150,1.900,2.1794e+05
-0.0050,-0.0150,8.700,1.1640e+05
-0.0150,0.0050,9.100,1.0433e+05
-0.0050,-0.0150,8.500,1.3716e+05
-0.0150,0.0050,8.900,8.8436e+04
0.0050,-0.0350,7.900,2.6140e+01
-0.0050,-0.0150,8.300,1.4758e+05
-0.0150,0.0050,8.700,1.5743e+05
-0.0050,-0.0150,8.900,8.4530e+04
-0.0150,0.0050,9.300,5.3785e+04
-0.0050,-0.0150,9.100,1.0302e+05
-0.0150,0.0050,9.500,6.7444e+04
-0.0050,0.0050,4.300,2.5534e+07
0.0050,-0.0150,3.900,2.6761e+05
-0.0050,0.0050,4.500,2.5791e+07
0.0050,-0.0150,4.100,2.8775e+05
-0.0050,0.0050,4.700,2.6067e+07
0.0050,-0.0150,4.300,2.6308e+05
-0.0050,0.0050,4.900,2.5352e+07
0.0050,-0.0150,4.500,2.8444e+05
-0.0050,0.0050,5.100,2.5411e+07
0.0050,-0.0150,4.700,2.9481e+05
0.0050,0.0150,9.700,6.4609e+04
0.0150,-0.0050,9.300,4.2028e+04
-0.0050,0.0050,7.500,1.8587e+07
0.0050,-0.0150,7.100,1.5982e+05
-0.0050,0.0050,7.700,1.7807e+07
0.0050,-0.0150,7.300,1.0720e+05
-0.0050,0.0050,7.900,1.7077e+07
0.0050,-0.0150,7.500,1.4401e+05
-0.0050,0.0050,15.900,6.4999e+04
0.0050,-0.0050,2.700,2.5091e+07
-0.0050,0.0150,3.100,3.0085e+05
-0.0050,0.0050,16.100,8.1461e+04
0.0050,-0.0050,2.900,2.5211e+07
-0.0050,0.0150,3.300,3.0061e+05
0.0150,0.0050,3.900,2.7379e+05
-0.0150,0.0150,26.300,2.6140e+01
0.0050,-0.0050,5.300,2.5235e+07
-0.0050,0.0150,5.700,2.9113e+05
0.0050,0.0150,10.500,6.4796e+04
0.0150,-0.0050,10.100,3.6287e+04
0.0050,0.0150,10.700,7.0273e+04
0.0150,-0.0050,10.300,4.2688e+04
0.0050,0.0150,10.900,2.8119e+04
0.0150,-0.0050,10.500,5.2711e+04
-0.0150,-0.0250,58.500,2.6170e+01
-0.0050,0.0050,9.100,1.3020e+07
0.0050,-0.0150,8.700,8.8746e+04
-0.0050,0.0050,9.300,1.3046e+07
0.0050,-0.0150,8.900,7.3231e+04
-0.0150,0.0050,30.100,2.6110e+01
-0.0050,0.0050,9.500,1.1776e+07
0.0050,-0.0150,9.100,9.3713e+04
0.0050,0.0150,9.900,3.2181e+04
0.0150,-0.0050,9.500,3.3187e+04
-0.0050,-0.0050,102.500,1.2655e+04
-0.0050,-0.0150,1.700,2.7506e+05
-0.0150,0.0050,2.100,2.2708e+05
0.0050,-0.0050,6.300,2.2801e+07
-0.0050,0.0150,6.700,2.9809e+05
-0.0050,-0.0150,1.900,3.4904e+05
-0.0150,0.0050,2.300,2.5360e+05
0.0050,-0.0050,6.500,2.2020e+07
-0.0050,0.0150,6.900,1.6643e+05
-0.0050,-0.0150,2.100,3.4178e+05
-0.0150,0.0050,2.500,2.8991e+05
0.0050,-0.0050,6.700,2.1706e+07
-0.0050,0.0150,7.100,2.0573e+05
-0.0050,-0.0150,2.300,2.9618e+05
-0.0150,0.0050,2.700,2.3355e+05
-0.0050,-0.0150,2.500,3.4168e+05
-0.0150,0.0050,2.900,3.1321e+05
0.0050,0.0150,2.900,3.0251e+05
0.0150,-0.0050,2.500,2.8202e+05
0.0150,0.0050,2.300,2.6500e+05
0.0150,0.0050,2.100,2.3726e+05
0.0150,0.0050,1.900,2.2950e+05
0.0150,0.0050,1.700,1.9619e+05
0.0150,0.0050,1.500,1.8420e+05
0.0150,0.0050,1.300,2.2773e+05
0.0150,0.0050,1.100,1.3820e+05
0.0050,-0.0050,5.900,2.3520e+07
-0.0050,0.0150,6.300,2.0920e+05
0.0050,-0.0050,6.100,2.2908e+07
-0.0050,0.0150,6.500,2.8895e+05
0.0050,0.0150,2.500,2.7149e+05
0.0150,-0.0050,2.100,2.4598e+05
