x_um,depth_um,optical_generation_cm^-3_s^-1
-115.0,96.1,25775373.93162393
-115.0,96.3,10094017.094017094
-105.0,18.5,4505074.786324786
-105.0,20.3,90224.35897435897
-105.0,22.1,215598.2905982906
-105.0,22.3,5069177.350427351
-105.0,22.5,12583333.333333332
-105.0,22.9,6136939.102564103
-105.0,23.1,2147409.188034188
-105.0,23.3,10493322.649572648
-105.0,23.5,24611912.393162396
-105.0,78.1,22561965.811965812
-105.0,108.1,5278846.153846154
-105.0,108.3,2579540.598290598
-105.0,108.5,10952991.452991454
-105.0,108.7,11984508.547008546
-95.0,35.7,28848824.786324784
-95.0,35.9,4276976.495726496
-75.0,5.9,13914262.82051282
-75.0,6.1,12606303.41880342
-75.0,19.5,72809.82905982906
-75.0,32.9,3606036.3247863245
-65.0,45.9,107719.0170940171
-65.0,51.9,19872863.247863248
-65.0,96.3,16497863.247863248
-65.0,96.5,6863782.051282052
-55.0,1.7,11450587.606837608
-55.0,1.9,2906784.188034188
-55.0,2.1,1686038.9957264957
-55.0,2.3,1799385.683760684
-55.0,2.5,3867788.461538461
-55.0,2.7,6782318.376068376
-55.0,2.9,915197.6495726495
-55.0,3.1,1926469.017094017
-55.0,3.3,1757585.47008547
-55.0,3.5,2024412.3931623932
-55.0,3.7,9145753.205128206
-55.0,3.9,5795566.239316238
-55.0,4.1,4906517.094017094
-55.0,4.3,1481891.0256410257
-55.0,4.5,1395112.1794871795
-55.0,4.7,2592013.888888889
-55.0,4.9,941479.7008547009
-55.0,5.1,1968990.3846153847
-55.0,5.3,3053952.9914529915
-55.0,5.5,4828258.547008547
-55.0,5.7,39732905.982905984
-55.0,5.9,7183226.495726496
-55.0,6.1,4569978.632478632
-55.0,6.3,2150427.3504273505
-55.0,6.5,2541693.376068376
-55.0,6.7,983092.9487179486
-55.0,6.9,1495940.170940171
-55.0,7.1,1618055.5555555555
-55.0,7.3,1512500.0
-55.0,7.5,701522.4358974359
-55.0,7.7,2123263.888888889
-55.0,7.9,665705.1282051282
-55.0,8.1,1260389.9572649573
-55.0,8.3,2203525.641025641
-55.0,8.5,2828258.547008547
-55.0,8.7,7884348.290598291
-55.0,8.9,5170405.982905983
-55.0,17.3,9360576.923076922
-55.0,17.5,16797542.735042736
-55.0,20.1,107719.0170940171
-55.0,23.9,14404380.341880342
-55.0,24.1,286805.55555555556
-55.0,24.5,23696848.290598292
-55.0,48.1,125213.67521367522
-55.0,61.9,5192307.692307692
-55.0,62.1,23150908.11965812
-55.0,96.3,6403846.153846153
-55.0,100.7,19846153.846153844
-55.0,100.9,5999732.905982906
-45.0,0.1,27766559.829059828
-45.0,0.3,37179166.666666664
-45.0,0.5,43720619.658119656
-45.0,0.7,65658386.75213675
-45.0,0.9,65360496.7948718
-45.0,1.1,79711912.39316238
-45.0,1.3,33742975.42735043
-45.0,1.5,83718402.77777778
-45.0,1.7,110123130.34188035
-45.0,1.9,102753311.96581195
-45.0,2.1,155702991.45299146
-45.0,2.3,99241987.17948717
-45.0,2.5,143820512.8205128
-45.0,2.7,114196821.58119658
-45.0,2.9,184472702.991453
-45.0,3.1,106377083.33333334
-45.0,3.3,88618322.64957266
-45.0,3.5,57014690.170940176
-45.0,3.7,65745459.4017094
-45.0,3.9,59254540.59829059
-45.0,4.1,168591613.24786323
-45.0,4.3,84219551.2820513
-45.0,4.5,131185897.43589744
-45.0,4.7,116611645.2991453
-45.0,4.9,129360844.017094
-45.0,5.1,90804754.27350429
-45.0,5.3,113467681.62393162
-45.0,5.5,137313835.47008544
-45.0,5.7,68808146.36752136
-45.0,5.9,122662099.35897434
-45.0,6.1,170230235.04273504
-45.0,6.3,118015197.64957264
-45.0,6.5,89673076.92307691
-45.0,6.7,126087820.51282051
-45.0,6.9,196480368.58974358
-45.0,7.1,190613514.95726496
-45.0,7.3,136368910.25641024
-45.0,7.5,132102991.45299146
-45.0,7.7,135880849.35897434
-45.0,7.9,185155742.52136752
-45.0,8.1,118333867.52136753
-45.0,8.3,188799145.2991453
-45.0,8.5,125932425.2136752
-45.0,8.7,179673344.01709405
-45.0,8.9,229964476.4957265
-45.0,9.1,262557959.40170938
-45.0,9.3,134475160.25641024
-45.0,9.5,193301762.8205128
-45.0,9.7,155240651.70940173
-45.0,9.9,93704380.34188035
-45.0,10.1,143110309.82905984
-45.0,10.3,177358974.35897434
-45.0,10.5,97668803.41880341
-45.0,10.7,101106036.32478632
-45.0,10.9,72909188.03418803
-45.0,11.1,149823263.8888889
-45.0,11.3,156824991.9871795
-45.0,11.5,127579487.17948717
-45.0,11.7,123707986.11111112
-45.0,11.9,114011485.04273504
-45.0,12.1,163520566.23931623
-45.0,12.3,119638888.8888889
-45.0,12.5,127424679.48717949
-45.0,12.7,144489583.33333334
-45.0,12.9,172956730.76923075
-45.0,13.1,117910523.50427349
-45.0,13.3,133205128.20512821
-45.0,13.5,108605502.13675214
-45.0,13.7,146848824.78632477
-45.0,13.9,143438568.37606838
-45.0,14.1,117390758.54700854
-45.0,14.3,196419070.5128205
-45.0,14.5,234930822.64957267
-45.0,14.7,272446848.2905983
-45.0,14.9,191704861.1111111
-45.0,15.1,180438034.18803418
-45.0,15.3,150676014.95726496
-45.0,15.5,170850427.35042736
-45.0,15.7,180006677.35042736
-45.0,15.9,198803418.80341882
-45.0,16.1,176542200.85470083
-45.0,16.3,206729166.66666666
-45.0,16.5,143414262.82051283
-45.0,16.7,108612660.25641026
-45.0,16.9,96501335.47008547
-45.0,17.1,206335122.86324784
-45.0,17.3,193075320.51282048
-45.0,17.5,205364636.75213677
-45.0,17.7,143192040.5982906
-45.0,17.9,151747596.15384614
-45.0,18.1,151144497.86324787
-45.0,18.3,145922542.73504275
-45.0,18.5,261858173.07692307
-45.0,18.7,120507478.63247862
-45.0,18.9,95472489.31623931
-45.0,19.1,142268963.67521366
-45.0,19.3,151827190.17094016
-45.0,19.5,163655982.9059829
-45.0,19.7,141084401.7094017
-45.0,19.9,106865384.61538462
-45.0,20.1,71110576.92307693
-45.0,20.3,44674866.45299144
-45.0,20.5,104054754.27350427
-45.0,20.7,136935897.43589744
-45.0,20.9,115487820.51282051
-45.0,21.1,149495966.8803419
-45.0,21.3,135493616.45299146
-45.0,21.5,102290865.38461538
-45.0,21.7,131917467.94871794
-45.0,21.9,115643082.26495728
-45.0,22.1,111379086.53846154
-45.0,22.3,86045726.4957265
-45.0,22.5,114767467.94871795
-45.0,22.7,137573290.5982906
-45.0,22.9,61336164.529914536
-45.0,23.1,49972676.28205127
-45.0,23.3,75270886.75213675
-45.0,23.5,89617494.65811966
-45.0,23.7,127330422.00854701
-45.0,23.9,223342414.5299145
-45.0,24.1,129755902.77777778
-45.0,24.3,82672008.54700854
-45.0,24.5,90930528.84615384
-45.0,24.7,66806196.58119658
-45.0,24.9,91308466.88034187
-45.0,25.1,87018162.39316238
-45.0,25.3,37322168.8034188
-45.0,25.5,33498904.914529912
-45.0,25.7,69602323.71794872
-45.0,25.9,43837660.256410256
-45.0,26.1,81710096.15384614
-45.0,26.3,46776068.376068376
-45.0,26.5,55582959.40170941
-45.0,26.7,38505074.786324784
-45.0,26.9,28183627.13675214
-45.0,27.1,75540090.81196581
-45.0,27.3,52840838.67521368
-45.0,27.5,39584855.76923077
-45.0,27.7,91751602.56410258
-45.0,27.9,55549679.487179495
-45.0,28.1,54240010.68376068
-45.0,28.3,42325293.8034188
-45.0,28.5,26627110.042735044
-45.0,28.7,75811298.07692307
-45.0,28.9,51829914.52991453
-45.0,29.1,47090411.32478632
-45.0,29.3,42144150.64102564
-45.0,29.5,48567681.62393162
-45.0,29.7,41058779.38034188
-45.0,29.9,84215705.12820514
-45.0,30.1,69018509.61538462
-45.0,30.3,11866159.188034186
-45.0,30.5,16300908.119658118
-45.0,30.7,13071848.290598292
-45.0,30.9,12960202.991452992
-45.0,31.1,45223290.59829059
-45.0,31.3,49744391.025641024
-45.0,31.5,20561324.786324784
-45.0,31.7,21023584.4017094
-45.0,31.9,33452777.77777778
-45.0,32.1,38098824.786324784
-45.0,32.3,9088141.025641026
-45.0,32.5,1342016.5598290598
-45.0,32.7,862232.905982906
-45.0,32.9,593349.358974359
-45.0,33.1,302911.32478632475
-45.0,33.3,4197115.384615385
-45.0,33.5,7008012.820512821
-45.0,33.7,13378472.22222222
-45.0,33.9,5633279.914529914
-45.0,34.1,2051629.2735042735
-45.0,34.3,15071581.196581196
-45.0,34.5,1416506.4102564103
-45.0,34.7,14216880.341880342
-45.0,34.9,13768963.675213676
-45.0,35.1,4316773.504273504
-45.0,39.9,10291132.478632478
-45.0,40.1,17146901.709401708
-45.0,43.1,12079594.017094018
-45.0,43.3,6290598.29059829
-45.0,43.5,1691826.923076923
-45.0,68.5,107638.88888888888
-35.0,0.1,367174145.2991453
-35.0,0.3,373382772.43589747
-35.0,0.5,428789075.85470086
-35.0,0.7,496781650.6410256
-35.0,0.9,557943242.5213675
-35.0,1.1,607535790.5982906
-35.0,1.3,665606303.4188035
-35.0,1.5,695625747.8632479
-35.0,1.7,765901175.2136753
-35.0,1.9,796775641.025641
-35.0,2.1,914932425.2136753
-35.0,2.3,998852831.1965811
-35.0,2.5,886597622.8632479
-35.0,2.7,842787660.2564102
-35.0,2.9,902578819.4444444
-35.0,3.1,766858173.0769231
-35.0,3.3,911070165.5982906
-35.0,3.5,1066104727.5641025
-35.0,3.7,1185213194.4444444
-35.0,3.9,1088558226.4957266
-35.0,4.1,1262885202.991453
-35.0,4.3,1174926335.4700854
-35.0,4.5,1115805742.5213675
-35.0,4.7,1073108317.3076923
-35.0,4.9,1417982318.3760686
-35.0,5.1,1415118936.965812
-35.0,5.3,1277831864.3162394
-35.0,5.5,1540417654.9145298
-35.0,5.7,1549536858.9743588
-35.0,5.9,1500526842.9487178
-35.0,6.1,1376483974.3589742
-35.0,6.3,1607935790.5982907
-35.0,6.5,1565950320.5128207
-35.0,6.7,1649183226.4957263
-35.0,6.9,1607409989.3162394
-35.0,7.1,1422697649.5726495
-35.0,7.3,1422211538.4615386
-35.0,7.5,1647719017.094017
-35.0,7.7,1607783119.6581197
-35.0,7.9,1534682158.119658
-35.0,8.1,1439444177.3504274
-35.0,8.3,1447916666.6666667
-35.0,8.5,1547757986.111111
-35.0,8.7,1420142494.6581197
-35.0,8.9,1364413995.7264957
-35.0,9.1,1647238514.957265
-35.0,9.3,1591460202.991453
-35.0,9.5,1505465798.6111112
-35.0,9.7,1445839476.4957266
-35.0,9.9,1836335470.08547
-35.0,10.1,1787523504.2735043
-35.0,10.3,1964514155.9829059
-35.0,10.5,1823925934.8290598
-35.0,10.7,1784107668.2692306
-35.0,10.9,1827079807.6923075
-35.0,11.1,2066252377.1367521
-35.0,11.3,2005976095.08547
-35.0,11.5,1979691346.153846
-35.0,11.7,1975515224.3589745
-35.0,11.9,1741235576.9230769
-35.0,12.1,1979921768.162393
-35.0,12.3,1940205608.9743588
-35.0,12.5,2145851869.6581194
-35.0,12.7,1857756143.162393
-35.0,12.9,2040291132.4786325
-35.0,13.1,1875249465.811966
-35.0,13.3,2323890758.5470085
-35.0,13.5,1863079861.111111
-35.0,13.7,2018158226.4957263
-35.0,13.9,2120230235.0427349
-35.0,14.1,1955898450.8547008
-35.0,14.3,1736223290.5982907
-35.0,14.5,2211884081.1965814
-35.0,14.7,1941561431.6239316
-35.0,14.9,2176085363.2478633
-35.0,15.1,2115121233.974359
-35.0,15.3,1847330956.1965811
-35.0,15.5,2147753525.6410255
-35.0,15.7,1928393856.8376067
-35.0,15.9,1844354700.8547008
-35.0,16.1,1843590277.7777777
-35.0,16.3,1773606036.3247862
-35.0,16.5,2034940972.2222223
-35.0,16.7,1886709695.5128205
-35.0,16.9,1961528739.3162394
-35.0,17.1,1773907104.7008548
-35.0,17.3,1752971287.3931623
-35.0,17.5,2194166292.7350426
-35.0,17.7,1751236538.4615383
-35.0,17.9,1739639850.4273505
-35.0,18.1,1866907051.2820513
-35.0,18.3,2065238060.897436
-35.0,18.5,1991951388.8888888
-35.0,18.7,2244602831.1965814
-35.0,18.9,1819396367.5213675
-35.0,19.1,1832325854.7008548
-35.0,19.3,1849712606.837607
-35.0,19.5,1753287873.931624
-35.0,19.7,1915032692.3076923
-35.0,19.9,1792208092.9487178
-35.0,20.1,1977204059.8290596
-35.0,20.3,1929839129.2735043
-35.0,20.5,1903765491.4529915
-35.0,20.7,2017085470.0854702
-35.0,20.9,1913986645.2991452
-35.0,21.1,1726591880.3418803
-35.0,21.3,1731528311.9658117
-35.0,21.5,1947790010.683761
-35.0,21.7,1615530448.7179487
-35.0,21.9,1672004807.6923077
-35.0,22.1,1935731837.6068375
-35.0,22.3,1546574786.3247862
-35.0,22.5,1588219284.1880343
-35.0,22.7,1533861378.205128
-35.0,22.9,1418267361.1111112
-35.0,23.1,1466377403.8461537
-35.0,23.3,1854405448.7179487
-35.0,23.5,1872146367.5213675
-35.0,23.7,1824702457.2649572
-35.0,23.9,1538741185.8974357
-35.0,24.1,1621759882.4786325
-35.0,24.3,1448940170.9401708
-35.0,24.5,1628039529.9145298
-35.0,24.7,1478225694.4444442
-35.0,24.9,1720572115.3846152
-35.0,25.1,1734652777.7777777
-35.0,25.3,1425980536.8589745
-35.0,25.5,1499240197.6495726
-35.0,25.7,1627947435.897436
-35.0,25.9,1521974332.2649572
-35.0,26.1,1301420192.3076923
-35.0,26.3,1150338301.282051
-35.0,26.5,1150445886.7521367
-35.0,26.7,1338817708.3333333
-35.0,26.9,1230127617.5213673
-35.0,27.1,1224274038.4615386
-35.0,27.3,1339728098.2905984
-35.0,27.5,1326800213.6752136
-35.0,27.7,1156455929.4871795
-35.0,27.9,1298106570.5128205
-35.0,28.1,1307457719.017094
-35.0,28.3,1116226014.957265
-35.0,28.5,1142740918.8034189
-35.0,28.7,1013632398.5042734
-35.0,28.9,1002783386.7521367
-35.0,29.1,1033495966.8803418
-35.0,29.3,984859508.5470084
-35.0,29.5,1185952403.846154
-35.0,29.7,1035110844.017094
-35.0,29.9,1086970619.6581197
-35.0,30.1,976027510.6837606
-35.0,30.3,858291399.5726495
-35.0,30.5,973362713.6752137
-35.0,30.7,805487446.5811965
-35.0,30.9,973621260.6837606
-35.0,31.1,846452991.4529915
-35.0,31.3,694078525.6410257
-35.0,31.5,617110844.017094
-35.0,31.7,555506143.1623932
-35.0,31.9,790879273.5042735
-35.0,32.1,792576388.8888888
-35.0,32.3,747193108.974359
-35.0,32.5,700865651.7094016
-35.0,32.7,474615331.19658124
-35.0,32.9,438971260.68376064
-35.0,33.1,435180662.3931624
-35.0,33.3,414594017.0940171
-35.0,33.5,603689903.8461539
-35.0,33.7,483192307.6923077
-35.0,33.9,554797996.7948718
-35.0,34.1,375631837.6068376
-35.0,34.3,393535790.59829056
-35.0,34.5,337511752.1367521
-35.0,34.7,283699252.1367521
-35.0,34.9,368966346.15384614
-35.0,35.1,299647435.8974359
-35.0,35.3,186216346.15384614
-35.0,35.5,299846955.1282051
-35.0,35.7,252115384.6153846
-35.0,35.9,268415064.10256413
-35.0,36.1,198906276.7094017
-35.0,36.3,191138755.34188035
-35.0,36.5,123020272.43589744
-35.0,36.7,193264102.56410256
-35.0,36.9,205618402.77777776
-35.0,37.1,179367788.46153846
-35.0,37.3,231996073.7179487
-35.0,37.5,130424118.58974357
-35.0,37.7,119399572.64957266
-35.0,37.9,211928712.6068376
-35.0,38.1,159539743.58974358
-35.0,38.3,165867948.7179487
-35.0,38.5,198182158.11965814
-35.0,38.7,175388354.7008547
-35.0,38.9,204000921.47435898
-35.0,39.1,127990384.61538461
-35.0,39.3,207223263.8888889
-35.0,39.5,125531784.18803418
-35.0,39.7,98135416.66666667
-35.0,39.9,194484241.45299143
-35.0,40.1,77563007.47863248
-35.0,40.3,149750801.28205127
-35.0,40.5,108171741.45299146
-35.0,40.7,79132211.53846154
-35.0,40.9,62191346.15384615
-35.0,41.1,43383154.38034189
-35.0,41.3,83676522.43589742
-35.0,41.5,53640998.931623936
-35.0,41.7,45438621.7948718
-35.0,41.9,35408573.71794872
-35.0,42.1,79622248.93162394
-35.0,42.3,35399626.068376064
-35.0,42.5,93092574.78632478
-35.0,42.7,50886084.4017094
-35.0,42.9,31865224.35897436
-35.0,43.1,27475080.128205128
-35.0,43.3,10733226.495726496
-35.0,43.5,17348397.435897436
-35.0,43.7,49867788.461538464
-35.0,43.9,25396100.427350424
-35.0,44.1,23698931.623931628
-35.0,44.3,13113034.18803419
-35.0,44.5,921127.1367521368
-35.0,44.7,2876335.4700854705
-35.0,44.9,401896.3675213675
-35.0,45.1,1122008.547008547
-35.0,45.3,1545032.0512820513
-35.0,45.5,537526.7094017094
-35.0,45.7,382104.7008547009
-35.0,45.9,279166.6666666666
-35.0,46.1,953311.9658119659
-35.0,46.3,1748985.0427350427
-35.0,46.5,523904.91452991456
-35.0,46.7,1581063.0341880342
-35.0,47.1,349225.4273504274
-35.0,47.3,2066800.2136752135
-35.0,47.5,2096527.777777778
-35.0,47.7,1070806.623931624
-35.0,47.9,655074.7863247863
-35.0,48.1,1716239.316239316
-35.0,48.3,920112.1794871795
-35.0,48.5,1514022.435897436
-35.0,48.7,2783920.94017094
-35.0,48.9,5036591.88034188
-35.0,49.1,834161.3247863248
-35.0,49.3,8346153.846153847
-35.0,49.5,6157318.376068376
-35.0,49.7,8123664.52991453
-35.0,49.9,4696581.196581197
-35.0,50.1,417467.94871794875
-35.0,60.1,69738.24786324786
-35.0,66.5,6525908.11965812
-35.0,66.7,3447649.5726495725
-35.0,66.9,5949519.230769231
-35.0,67.1,13998397.435897436
-35.0,67.3,14793536.324786324
-35.0,93.5,11132211.538461538
-35.0,93.7,9967414.52991453
-35.0,93.9,19400641.025641028
-35.0,106.9,6604967.948717949
-35.0,107.1,23098824.786324788
-25.0,0.1,1789448183.7606838
-25.0,0.3,2359467681.6239314
-25.0,0.5,2049170673.0769231
-25.0,0.7,2417469818.376068
-25.0,0.9,2772254273.5042734
-25.0,1.1,2881118055.555556
-25.0,1.3,2944377670.940171
-25.0,1.5,3185085470.08547
-25.0,1.7,3356034989.3162394
-25.0,1.9,3249244658.119658
-25.0,2.1,3528488247.863248
-25.0,2.3,3557666132.4786325
-25.0,2.5,4254438034.1880345
-25.0,2.7,3728047809.82906
-25.0,2.9,4107871260.6837606
-25.0,3.1,3907369123.931624
-25.0,3.3,3975336538.4615383
-25.0,3.5,4114912660.25641
-25.0,3.7,4030181356.8376064
-25.0,3.9,4238939850.4273505
-25.0,4.1,4286189903.8461537
-25.0,4.3,4434556891.025641
-25.0,4.5,4221387526.7094016
-25.0,4.7,4147590277.7777777
-25.0,4.9,4530836057.692307
-25.0,5.1,4925954861.111111
-25.0,5.3,4962918482.905983
-25.0,5.5,5319365117.521368
-25.0,5.7,5444564636.752136
-25.0,5.9,5495527029.91453
-25.0,6.1,5266663194.444445
-25.0,6.3,5207979647.435898
-25.0,6.5,5376921207.264957
-25.0,6.7,6167099252.136752
-25.0,6.9,5885613354.700855
-25.0,7.1,6012150106.837606
-25.0,7.3,5515159722.222222
-25.0,7.5,5576168723.290598
-25.0,7.7,5641749759.615384
-25.0,7.9,5717498130.34188
-25.0,8.1,6315675587.606837
-25.0,8.3,6946397649.57265
-25.0,8.5,6713161030.982906
-25.0,8.7,6062181570.512821
-25.0,8.9,6475288701.923077
-25.0,9.1,6878281116.4529915
-25.0,9.3,6707338648.504273
-25.0,9.5,6211707398.504273
-25.0,9.7,7104493536.324786
-25.0,9.9,7231323717.948718
-25.0,10.1,7219418322.649571
-25.0,10.3,6900090758.5470085
-25.0,10.5,7257938034.188034
-25.0,10.7,7317390491.4529915
-25.0,10.9,7229381410.25641
-25.0,11.1,6981032585.470085
-25.0,11.3,7412597756.410256
-25.0,11.5,7515034802.350428
-25.0,11.7,7443268803.418803
-25.0,11.9,7451455662.393163
-25.0,12.1,7475777510.683761
-25.0,12.3,7441668536.324787
-25.0,12.5,7607023504.273504
-25.0,12.7,8311899038.461538
-25.0,12.9,7763253205.128205
-25.0,13.1,7779482905.982905
-25.0,13.3,8057547008.5470085
-25.0,13.5,8160029620.726495
-25.0,13.7,8383708333.333333
-25.0,13.9,8436495993.589744
-25.0,14.1,8438230235.042735
-25.0,14.3,8147178685.897436
-25.0,14.5,8523062232.905983
-25.0,14.7,8550187500.0
-25.0,14.9,8326945032.051283
-25.0,15.1,8449030448.717949
-25.0,15.3,8198704594.017094
-25.0,15.5,8328044871.794871
-25.0,15.7,8451656490.384615
-25.0,15.9,8539347783.119658
-25.0,16.1,8753747943.376068
-25.0,16.3,9095250827.991453
-25.0,16.5,8467142895.299145
-25.0,16.7,8728320779.91453
-25.0,16.9,8969654914.529913
-25.0,17.1,9370898237.179487
-25.0,17.3,8830422809.82906
-25.0,17.5,9148152243.589745
-25.0,17.7,9475468215.811966
-25.0,17.9,9936268696.581196
-25.0,18.1,9369979166.666668
-25.0,18.3,9230613514.957266
-25.0,18.5,9113146634.615385
-25.0,18.7,8952196581.19658
-25.0,18.9,9586629273.504272
-25.0,19.1,8614837473.290598
-25.0,19.3,9191401602.564102
-25.0,19.5,9412698290.598291
-25.0,19.7,9045424706.19658
-25.0,19.9,9052158119.65812
-25.0,20.1,8830686431.623932
-25.0,20.3,8738125000.0
-25.0,20.5,8865245726.495726
-25.0,20.7,8533502403.846153
-25.0,20.9,8642136752.136751
-25.0,21.1,8608250534.188034
-25.0,21.3,8650178952.991453
-25.0,21.5,9170737179.487179
-25.0,21.7,8605493856.837606
-25.0,21.9,8798709935.897436
-25.0,22.1,8301929754.273504
-25.0,22.3,8695532799.1453
-25.0,22.5,8476341613.247863
-25.0,22.7,8523296955.128204
-25.0,22.9,8314913461.538462
-25.0,23.1,8197256944.444445
-25.0,23.3,8319385683.760684
-25.0,23.5,8176095085.470085
-25.0,23.7,8511196581.196581
-25.0,23.9,8502446581.196581
-25.0,24.1,8402711271.367521
-25.0,24.3,8121815972.222222
-25.0,24.5,8707393162.393162
-25.0,24.7,7993750000.0
-25.0,24.9,8091501068.376068
-25.0,25.1,8311148504.273504
-25.0,25.3,7900531517.094017
-25.0,25.5,7713316506.410256
-25.0,25.7,7685534989.316238
-25.0,25.9,7862954594.017095
-25.0,26.1,7820391292.735043
-25.0,26.3,7409051816.239316
-25.0,26.5,7478279914.529915
-25.0,26.7,6692309294.871795
-25.0,26.9,6955914262.820512
-25.0,27.1,6364700267.094016
-25.0,27.3,6755763141.025641
-25.0,27.5,6397283333.333333
-25.0,27.7,6314122596.153846
-25.0,27.9,6424653285.256412
-25.0,28.1,6109674412.393163
-25.0,28.3,6142228205.128205
-25.0,28.5,6465621394.230769
-25.0,28.7,6523890224.358974
-25.0,28.9,6143246527.777778
-25.0,29.1,5813398237.179486
-25.0,29.3,5684173878.205129
-25.0,29.5,6003693643.162393
-25.0,29.7,5752069978.632479
-25.0,29.9,5639513087.606838
-25.0,30.1,5621712873.931623
-25.0,30.3,5375794070.51282
-25.0,30.5,5310715811.965812
-25.0,30.7,5613643162.393163
-25.0,30.9,5105061431.623932
-25.0,31.1,5144822649.57265
-25.0,31.3,5158331463.675214
-25.0,31.5,5339868322.649572
-25.0,31.7,4812399572.649572
-25.0,31.9,4810622329.059829
-25.0,32.1,4978586805.555555
-25.0,32.3,4721105502.136752
-25.0,32.5,4481437767.094017
-25.0,32.7,4221973557.6923075
-25.0,32.9,4095456196.581197
-25.0,33.1,4563482905.982906
-25.0,33.3,4211802083.333333
-25.0,33.5,4328692307.692307
-25.0,33.7,3632342948.7179484
-25.0,33.9,3860790598.2905984
-25.0,34.1,3657560630.3418803
-25.0,34.3,3278177350.4273505
-25.0,34.5,3311463408.119658
-25.0,34.7,3124309561.9658117
-25.0,34.9,3372727831.1965814
-25.0,35.1,2844219551.2820516
-25.0,35.3,3168720085.4700856
-25.0,35.5,3141718482.9059825
-25.0,35.7,2413409722.2222223
-25.0,35.9,2474581463.675214
-25.0,36.1,2680450347.2222223
-25.0,36.3,2577185389.957265
-25.0,36.5,2296619978.6324787
-25.0,36.7,2210763888.888889
-25.0,36.9,2350431356.837607
-25.0,37.1,2141365384.6153846
-25.0,37.3,2239133814.102564
-25.0,37.5,2201157318.3760686
-25.0,37.7,2302441506.4102564
-25.0,37.9,1818572836.5384612
-25.0,38.1,1908787393.162393
-25.0,38.3,1864821047.008547
-25.0,38.5,1987371794.871795
-25.0,38.7,1860085202.991453
-25.0,38.9,1933482905.9829059
-25.0,39.1,1850729166.6666667
-25.0,39.3,1523939636.7521367
-25.0,39.5,1438645833.3333333
-25.0,39.7,1398880876.068376
-25.0,39.9,1106720085.4700854
-25.0,40.1,1260908119.6581197
-25.0,40.3,1293405448.7179487
-25.0,40.5,1204055021.3675213
-25.0,40.7,998018162.3931624
-25.0,40.9,922839476.4957265
-25.0,41.1,980518696.5811965
-25.0,41.3,825855769.2307693
-25.0,41.5,717784855.7692308
-25.0,41.7,717952724.3589743
-25.0,41.9,642244925.2136753
-25.0,42.1,608923611.111111
-25.0,42.3,807272435.8974359
-25.0,42.5,754129300.2136753
-25.0,42.7,585909989.3162394
-25.0,42.9,507673611.1111111
-25.0,43.1,537004273.5042735
-25.0,43.3,419850213.67521363
-25.0,43.5,583513354.7008547
-25.0,43.7,428588942.30769235
-25.0,43.9,518830929.48717946
-25.0,44.1,455049679.4871795
-25.0,44.3,418186431.62393165
-25.0,44.5,465428952.991453
-25.0,44.7,479182959.40170944
-25.0,44.9,409274839.74358976
-25.0,45.1,335174946.58119655
-25.0,45.3,298246340.81196576
-25.0,45.5,306877938.03418803
-25.0,45.7,325576121.7948718
-25.0,45.9,193612713.6752137
-25.0,46.1,171863782.05128205
-25.0,46.3,154444417.73504272
-25.0,46.5,178043135.6837607
-25.0,46.7,115347462.60683762
-25.0,46.9,184067387.82051283
-25.0,47.1,202454139.95726496
-25.0,47.3,200018696.58119658
-25.0,47.5,141207532.05128205
-25.0,47.7,106037660.25641026
-25.0,47.9,121960470.08547008
-25.0,48.1,142532318.37606838
-25.0,48.3,53218402.77777777
-25.0,48.5,42774732.905982904
-25.0,48.7,24894551.282051284
-25.0,48.9,64624465.81196581
-25.0,49.1,62533119.65811966
-25.0,49.3,69543563.03418803
-25.0,49.5,56805288.461538464
-25.0,49.7,41540277.77777778
-25.0,49.9,11464476.495726496
-25.0,50.1,9660256.41025641
-25.0,50.3,10250000.0
-25.0,50.5,31308760.683760684
-25.0,50.7,25488247.86324786
-25.0,50.9,7932425.213675214
-25.0,51.1,5736111.111111111
-25.0,51.3,9036591.88034188
-25.0,51.5,9170192.307692308
-25.0,51.7,2939903.846153846
-25.0,51.9,2159348.2905982905
-25.0,52.1,3368055.5555555555
-25.0,52.3,2471794.871794872
-25.0,52.5,11616185.897435898
-25.0,52.7,32828979.7008547
-25.0,52.9,3073985.042735043
-25.0,53.1,6656517.094017093
-25.0,53.3,5015491.452991453
-25.0,53.5,2213381.4102564105
-25.0,53.7,2334027.777777778
-25.0,53.9,8006944.444444445
-25.0,54.1,19454861.11111111
-25.0,70.5,9748931.623931624
-25.0,70.7,23025641.025641024
-25.0,71.7,107719.0170940171
-15.0,0.1,3799957264.957265
-15.0,0.3,4098493589.74359
-15.0,0.5,4878498210.470085
-15.0,0.7,4605068242.521368
-15.0,0.9,5066302644.230769
-15.0,1.1,5680779113.247864
-15.0,1.3,5423089476.495727
-15.0,1.5,5627100694.444445
-15.0,1.7,6527214209.40171
-15.0,1.9,6555763888.888888
-15.0,2.1,6669511217.948718
-15.0,2.3,6357762553.418803
-15.0,2.5,6682627136.752137
-15.0,2.7,6903277243.589744
-15.0,2.9,7181038461.538461
-15.0,3.1,7935643856.837606
-15.0,3.3,8060711805.555555
-15.0,3.5,8473440170.940171
-15.0,3.7,9115901175.213675
-15.0,3.9,9057249732.905983
-15.0,4.1,9038022970.08547
-15.0,4.3,9122500000.0
-15.0,4.5,9058505608.97436
-15.0,4.7,9652997061.965813
-15.0,4.9,9452173076.923077
-15.0,5.1,9540666452.991453
-15.0,5.3,10495227831.19658
-15.0,5.5,10333632478.632479
-15.0,5.7,11171747329.05983
-15.0,5.9,10646891559.82906
-15.0,6.1,11152854967.948717
-15.0,6.3,11378513354.700855
-15.0,6.5,11147198370.726496
-15.0,6.7,12628641639.957264
-15.0,6.9,13190549145.299145
-15.0,7.1,12720233733.974358
-15.0,7.3,13154244951.923079
-15.0,7.5,13497873637.820515
-15.0,7.7,13283940598.290596
-15.0,7.9,14086960470.08547
-15.0,8.1,14308349893.162394
-15.0,8.3,14718818376.068375
-15.0,8.5,14931876869.65812
-15.0,8.7,14762064369.658121
-15.0,8.9,14897276228.632477
-15.0,9.1,14948698985.042736
-15.0,9.3,16265553685.897434
-15.0,9.5,15665106303.418802
-15.0,9.7,15272842147.435896
-15.0,9.9,16372736965.811964
-15.0,10.1,16997211004.273504
-15.0,10.3,17568370192.30769
-15.0,10.5,17196676282.05128
-15.0,10.7,17711409188.034187
-15.0,10.9,17846820507.478634
-15.0,11.1,17214685710.470085
-15.0,11.3,17489395005.34188
-15.0,11.5,18396607825.8547
-15.0,11.7,18646401228.632477
-15.0,11.9,18719771634.615383
-15.0,12.1,18503651442.30769
-15.0,12.3,19572922863.24786
-15.0,12.5,19930141025.641026
-15.0,12.7,20623083867.521366
-15.0,12.9,19893225480.76923
-15.0,13.1,20202049145.299145
-15.0,13.3,19883726495.726498
-15.0,13.5,20192843669.871796
-15.0,13.7,20377615918.80342
-15.0,13.9,20515266559.82906
-15.0,14.1,22415902243.589745
-15.0,14.3,21242532051.28205
-15.0,14.5,21772274839.743587
-15.0,14.7,22233217414.529915
-15.0,14.9,21294045138.88889
-15.0,15.1,21028203899.57265
-15.0,15.3,22039764155.982906
-15.0,15.5,21446150908.11966
-15.0,15.7,20752342414.529915
-15.0,15.9,22406319444.444443
-15.0,16.1,23945745192.307693
-15.0,16.3,23416479967.948723
-15.0,16.5,22317892628.205128
-15.0,16.7,22182473824.786324
-15.0,16.9,21959295673.076923
-15.0,17.1,22746820512.820515
-15.0,17.3,22498821848.2906
-15.0,17.5,22953580662.393166
-15.0,17.7,22832347836.538464
-15.0,17.9,23814964476.495724
-15.0,18.1,23328560630.34188
-15.0,18.3,23213799679.48718
-15.0,18.5,22530090544.871796
-15.0,18.7,23028039529.914528
-15.0,18.9,23060619391.025642
-15.0,19.1,22400923370.726494
-15.0,19.3,22339089155.982903
-15.0,19.5,23822646901.7094
-15.0,19.7,22912658360.042732
-15.0,19.9,23230188034.18803
-15.0,20.1,22765654540.598286
-15.0,20.3,22603170539.529915
-15.0,20.5,23227041666.666668
-15.0,20.7,23184588408.11966
-15.0,20.9,22687351495.726498
-15.0,21.1,23182879129.2735
-15.0,21.3,21645344551.28205
-15.0,21.5,22374787126.068375
-15.0,21.7,21700603365.384617
-15.0,21.9,21441148611.111107
-15.0,22.1,21883633012.820515
-15.0,22.3,21728730769.23077
-15.0,22.5,22444969017.094013
-15.0,22.7,22045853899.57265
-15.0,22.9,21207053579.059826
-15.0,23.1,21378107371.794872
-15.0,23.3,20496078525.641026
-15.0,23.5,21473677083.333332
-15.0,23.7,22177925213.675213
-15.0,23.9,20770674946.581196
-15.0,24.1,20430770566.239315
-15.0,24.3,20946842414.529915
-15.0,24.5,20825784161.324787
-15.0,24.7,20399145032.05128
-15.0,24.9,20406034989.31624
-15.0,25.1,19195257612.17949
-15.0,25.3,19168605502.136753
-15.0,25.5,19115869658.119656
-15.0,25.7,19697122596.153847
-15.0,25.9,19606416933.760685
-15.0,26.1,19354188034.188034
-15.0,26.3,18990980502.13675
-15.0,26.5,19044394497.863247
-15.0,26.7,18959850961.538464
-15.0,26.9,18489382478.632477
-15.0,27.1,18688263087.60684
-15.0,27.3,18935788728.632477
-15.0,27.5,18705318108.974358
-15.0,27.7,17757688568.37607
-15.0,27.9,17566214342.94872
-15.0,28.1,15976954460.470085
-15.0,28.3,15892335950.8547
-15.0,28.5,16545965544.871794
-15.0,28.7,16096393589.74359
-15.0,28.9,15950229700.8547
-15.0,29.1,15721969684.82906
-15.0,29.3,15705741987.179487
-15.0,29.5,15307139075.8547
-15.0,29.7,15618814102.564102
-15.0,29.9,15511111912.393162
-15.0,30.1,15492198851.495726
-15.0,30.3,14090796020.299147
-15.0,30.5,15284299278.846155
-15.0,30.7,14072639770.299145
-15.0,30.9,13811361057.692308
-15.0,31.1,13692185096.153845
-15.0,31.3,13116722756.410255
-15.0,31.5,13326324786.324785
-15.0,31.7,13574553952.991453
-15.0,31.9,12443674652.777779
-15.0,32.1,12537637820.51282
-15.0,32.3,11929484241.452991
-15.0,32.5,12504543002.136753
-15.0,32.7,11797934829.059828
-15.0,32.9,11952749465.811966
-15.0,33.1,11066878205.128206
-15.0,33.3,11390012019.230768
-15.0,33.5,11601426282.051281
-15.0,33.7,11702766826.923079
-15.0,33.9,10787803151.709402
-15.0,34.1,10361458333.333334
-15.0,34.3,10135202991.452991
-15.0,34.5,9852793803.418804
-15.0,34.7,9305475427.350428
-15.0,34.9,10098896901.709402
-15.0,35.1,9378613782.051281
-15.0,35.3,9613013087.606838
-15.0,35.5,9501356837.606838
-15.0,35.7,9371685096.153845
-15.0,35.9,8504246340.811966
-15.0,36.1,8316150106.837607
-15.0,36.3,8079551014.957265
-15.0,36.5,8073820512.820513
-15.0,36.7,7259710844.017095
-15.0,36.9,7305682692.307693
-15.0,37.1,6893505341.8803425
-15.0,37.3,7040069711.538462
-15.0,37.5,6327456997.863248
-15.0,37.7,6475227831.196581
-15.0,37.9,6367694577.991453
-15.0,38.1,6632445486.111111
-15.0,38.3,6112500000.0
-15.0,38.5,6145265491.4529915
-15.0,38.7,5806754273.504272
-15.0,38.9,5711135149.57265
-15.0,39.1,5732805021.367522
-15.0,39.3,5499879807.692307
-15.0,39.5,5172713675.2136755
-15.0,39.7,4986246794.871795
-15.0,39.9,4841297275.641026
-15.0,40.1,4680513621.794872
-15.0,40.3,4721790865.384615
-15.0,40.5,4219206196.581197
-15.0,40.7,4353481036.324786
-15.0,40.9,4342392975.42735
-15.0,41.1,3761540598.2905984
-15.0,41.3,3500211271.367522
-15.0,41.5,3257587072.649573
-15.0,41.7,3316473130.3418803
-15.0,41.9,2972918269.2307696
-15.0,42.1,2998068910.25641
-15.0,42.3,2981733440.17094
-15.0,42.5,2943859508.5470085
-15.0,42.7,2930729166.6666665
-15.0,42.9,2583116987.179487
-15.0,43.1,2661626602.5641026
-15.0,43.3,2528207799.145299
-15.0,43.5,2384206730.769231
-15.0,43.7,2271236645.299145
-15.0,43.9,1995860042.7350428
-15.0,44.1,1641891025.6410255
-15.0,44.3,1786105769.2307692
-15.0,44.5,1839041132.4786325
-15.0,44.7,1688896901.7094016
-15.0,44.9,1618832799.1452992
-15.0,45.1,1339767094.017094
-15.0,45.3,1360819978.6324787
-15.0,45.5,1259236111.1111112
-15.0,45.7,1128063568.3760684
-15.0,45.9,1187099358.974359
-15.0,46.1,1246931356.8376067
-15.0,46.3,1238782051.2820513
-15.0,46.5,1160003739.3162394
-15.0,46.7,955520833.3333334
-15.0,46.9,885449252.1367521
-15.0,47.1,904266025.6410257
-15.0,47.3,746809829.059829
-15.0,47.5,838856837.6068376
-15.0,47.7,646625320.5128206
-15.0,47.9,537557558.7606838
-15.0,48.1,527504807.69230765
-15.0,48.3,485743162.39316237
-15.0,48.5,457375961.5384615
-15.0,48.7,397280235.04273504
-15.0,48.9,432194471.1538461
-15.0,49.1,329981169.8717949
-15.0,49.3,299109241.4529914
-15.0,49.5,418927644.2307693
-15.0,49.7,438988782.05128205
-15.0,49.9,417847729.7008547
-15.0,50.1,326655982.9059829
-15.0,50.3,328580395.2991453
-15.0,50.5,246641346.15384617
-15.0,50.7,242839209.4017094
-15.0,50.9,274810363.24786323
-15.0,51.1,176379540.5982906
-15.0,51.3,184389155.98290598
-15.0,51.5,140512820.5128205
-15.0,51.7,188613862.17948717
-15.0,51.9,134057692.3076923
-15.0,52.1,101972489.31623931
-15.0,52.3,154871260.6837607
-15.0,52.5,122809561.96581197
-15.0,52.7,106634081.1965812
-15.0,52.9,83940705.12820512
-15.0,53.1,128204326.92307691
-15.0,53.3,72505822.64957266
-15.0,53.5,57644631.410256416
-15.0,53.7,64434962.606837615
-15.0,53.9,96520299.14529914
-15.0,54.1,70273076.92307691
-15.0,54.3,50431063.03418803
-15.0,54.5,20181223.290598292
-15.0,54.7,35671367.52136752
-15.0,54.9,6380315.170940171
-15.0,55.1,33920005.341880344
-15.0,55.3,37724091.88034188
-15.0,55.5,57805929.48717949
-15.0,55.7,25413995.726495728
-15.0,55.9,17814903.846153844
-15.0,56.1,62887286.32478632
-15.0,56.3,26470779.914529912
-15.0,56.5,16292521.367521368
-15.0,56.7,9388434.829059828
-15.0,56.9,2506303.418803419
-15.0,57.1,852056.6239316239
-15.0,57.3,1783840.811965812
-15.0,57.5,1430662.393162393
-15.0,57.7,1444150.6410256412
-15.0,57.9,1927991.452991453
-15.0,58.1,264057.1581196581
-15.0,58.3,818963.6752136752
-15.0,58.5,313408.1196581197
-15.0,58.7,1315331.1965811965
-15.0,58.9,801736.1111111111
-15.0,59.1,1039663.4615384615
-15.0,59.3,397596.1538461539
-15.0,59.5,835737.1794871794
-15.0,59.7,2181650.641025641
-15.0,59.9,3235576.9230769235
-15.0,60.1,7692841.88034188
-15.0,60.3,4183306.623931624
-15.0,60.5,2614129.2735042735
-15.0,60.7,5929647.435897436
-15.0,60.9,2929567.3076923075
-15.0,61.1,4656330.128205128
-15.0,61.3,4142174.145299145
-15.0,61.5,6600427.35042735
-15.0,61.7,3829567.3076923075
-15.0,61.9,6041399.572649573
-15.0,71.9,21649038.46153846
-15.0,76.1,7805822.649572649
-15.0,76.3,21237980.769230768
-5.0,0.1,20625875801.28205
-5.0,0.3,32822832799.145298
-5.0,0.5,36360697382.47863
-5.0,0.7,35568776709.40171
-5.0,0.9,38500237446.5812
-5.0,1.1,40253171207.26496
-5.0,1.3,37689780448.71795
-5.0,1.5,39543738514.95726
-5.0,1.7,40269222756.410255
-5.0,1.9,41804835737.17949
-5.0,2.1,42541621260.68376
-5.0,2.3,42090860042.73504
-5.0,2.5,42441915064.10256
-5.0,2.7,42947123397.4359
-5.0,2.9,44143910256.410255
-5.0,3.1,44100777243.589745
-5.0,3.3,45365605769.230774
-5.0,3.5,46253505074.78632
-5.0,3.7,47735228018.16239
-5.0,3.9,47255228098.290596
-5.0,4.1,47574491826.92308
-5.0,4.3,48021377190.17093
-5.0,4.5,49145703178.4188
-5.0,4.7,50328685737.17948
-5.0,4.9,49298056891.02564
-5.0,5.1,51577729700.8547
-5.0,5.3,50210956196.5812
-5.0,5.5,51088878205.128204
-5.0,5.7,52408752670.94017
-5.0,5.9,52396615918.80342
-5.0,6.1,52436928418.80342
-5.0,6.3,52665722489.31624
-5.0,6.5,54401789529.91453
-5.0,6.7,55449225160.25641
-5.0,6.9,54094644230.76923
-5.0,7.1,54466213942.30769
-5.0,7.3,54790145833.333336
-5.0,7.5,55125737713.67521
-5.0,7.7,55437568376.06838
-5.0,7.9,55939197115.38461
-5.0,8.1,57396268963.67522
-5.0,8.3,57595988514.95727
-5.0,8.5,56850083333.33333
-5.0,8.7,57219607371.79487
-5.0,8.9,56369639690.170944
-5.0,9.1,57173739049.145294
-5.0,9.3,57682006410.25641
-5.0,9.5,57901511217.94872
-5.0,9.7,57595147168.80342
-5.0,9.9,56449850694.44445
-5.0,10.1,57226793269.23077
-5.0,10.3,58432807158.11966
-5.0,10.5,58207842147.4359
-5.0,10.7,56787000534.188034
-5.0,10.9,56954492521.36752
-5.0,11.1,57471266025.64102
-5.0,11.3,58238527510.68376
-5.0,11.5,57580160256.410255
-5.0,11.7,56032147168.80341
-5.0,11.9,58150216079.05982
-5.0,12.1,56346183226.49573
-5.0,12.3,56748734775.64103
-5.0,12.5,57106100961.53846
-5.0,12.7,57435040064.10256
-5.0,12.9,57084850961.53846
-5.0,13.1,56395064102.5641
-5.0,13.3,54738211538.46153
-5.0,13.5,56419179407.05128
-5.0,13.7,55163217147.4359
-5.0,13.9,53891196848.2906
-5.0,14.1,55040689102.5641
-5.0,14.3,55131103098.290596
-5.0,14.5,54585098824.78632
-5.0,14.7,52914433760.68376
-5.0,14.9,53320897435.89744
-5.0,15.1,54812465277.77778
-5.0,15.3,52285766559.829056
-5.0,15.5,51900016025.64102
-5.0,15.7,51476880341.88034
-5.0,15.9,51424791666.666664
-5.0,16.1,51038346688.03419
-5.0,16.3,50703228365.38461
-5.0,16.5,49592362179.487175
-5.0,16.7,49499836538.46154
-5.0,16.9,49051362713.67521
-5.0,17.1,48416580929.487175
-5.0,17.3,48566890224.35897
-5.0,17.5,48670214743.58974
-5.0,17.7,47162530715.811966
-5.0,17.9,45779779914.529915
-5.0,18.1,46197451923.07692
-5.0,18.3,47100933760.68376
-5.0,18.5,47386855769.230774
-5.0,18.7,46179809027.77778
-5.0,18.9,46784734241.45299
-5.0,19.1,44043223023.50427
-5.0,19.3,44969181089.74358
-5.0,19.5,45121840544.871796
-5.0,19.7,44599899038.46153
-5.0,19.9,43558092948.71795
-5.0,20.1,43033390491.452995
-5.0,20.3,42776623397.4359
-5.0,20.5,43737155448.71795
-5.0,20.7,42271905181.62393
-5.0,20.9,41467685630.34188
-5.0,21.1,40447708066.23932
-5.0,21.3,39624648771.36752
-5.0,21.5,40841330128.205124
-5.0,21.7,39692612980.76923
-5.0,21.9,40181332532.051285
-5.0,22.1,39886268696.5812
-5.0,22.3,38557820512.82051
-5.0,22.5,38945075587.60684
-5.0,22.7,38081781784.188034
-5.0,22.9,38804003739.31624
-5.0,23.1,38679058226.49573
-5.0,23.3,38076276442.30769
-5.0,23.5,37534712873.931625
-5.0,23.7,36869152510.68376
-5.0,23.9,37800276709.40171
-5.0,24.1,37072852564.10256
-5.0,24.3,34993943910.25641
-5.0,24.5,37305808493.589745
-5.0,24.7,36483120192.30769
-5.0,24.9,35009667467.948715
-5.0,25.1,34662297008.547005
-5.0,25.3,34653619123.931625
-5.0,25.5,33760554754.273502
-5.0,25.7,34021663995.726494
-5.0,25.9,32884972222.22222
-5.0,26.1,31324145299.145298
-5.0,26.3,32081292735.042736
-5.0,26.5,31270498931.62393
-5.0,26.7,29356590811.96581
-5.0,26.9,29663008279.91453
-5.0,27.1,30460075320.512817
-5.0,27.3,30083559561.96581
-5.0,27.5,29633950587.606834
-5.0,27.7,29657491987.179485
-5.0,27.9,29310905448.71795
-5.0,28.1,29042654914.529915
-5.0,28.3,28236118055.555553
-5.0,28.5,27967988247.86325
-5.0,28.7,29125649572.64957
-5.0,28.9,27961866987.179485
-5.0,29.1,26814912393.16239
-5.0,29.3,26975458867.52137
-5.0,29.5,26162131410.25641
-5.0,29.7,24802432158.119656
-5.0,29.9,26354493322.649574
-5.0,30.1,24504746794.87179
-5.0,30.3,24077172275.641026
-5.0,30.5,24286254540.59829
-5.0,30.7,22380272435.897434
-5.0,30.9,23424495192.307693
-5.0,31.1,22423499732.905983
-5.0,31.3,22878808493.589745
-5.0,31.5,22652719818.376072
-5.0,31.7,22410568376.06838
-5.0,31.9,21122388354.700855
-5.0,32.1,21453766826.923077
-5.0,32.3,20273008547.00855
-5.0,32.5,20415645833.333332
-5.0,32.7,19806582264.957264
-5.0,32.9,19453623130.34188
-5.0,33.1,19942801549.145298
-5.0,33.3,19382280555.555553
-5.0,33.5,19093392361.11111
-5.0,33.7,18473540064.102566
-5.0,33.9,18476765491.45299
-5.0,34.1,17361970085.470085
-5.0,34.3,16987195512.820513
-5.0,34.5,16802408333.333332
-5.0,34.7,17492312767.094017
-5.0,34.9,16681249465.811966
-5.0,35.1,16832069711.538462
-5.0,35.3,15790578792.735043
-5.0,35.5,15879428685.897434
-5.0,35.7,15074390758.547009
-5.0,35.9,14304442574.786324
-5.0,36.1,13774062500.0
-5.0,36.3,13582787927.350426
-5.0,36.5,13770174946.581196
-5.0,36.7,12354787660.25641
-5.0,36.9,12354702991.452991
-5.0,37.1,12256744658.119658
-5.0,37.3,12267011217.948717
-5.0,37.5,12028405448.717949
-5.0,37.7,11206987179.487179
-5.0,37.9,11083247863.247864
-5.0,38.1,11119487179.487179
-5.0,38.3,10498533653.846153
-5.0,38.5,10286022970.08547
-5.0,38.7,9836407585.470085
-5.0,38.9,10337024572.649572
-5.0,39.1,9446322115.384615
-5.0,39.3,9104444444.444445
-5.0,39.5,9516431089.74359
-5.0,39.7,9026586538.461538
-5.0,39.9,8404577190.17094
-5.0,40.1,7959310897.435897
-5.0,40.3,8649169070.51282
-5.0,40.5,8444469551.282051
-5.0,40.7,7774401976.495727
-5.0,40.9,7629274038.461539
-5.0,41.1,6796124465.811966
-5.0,41.3,7061572382.478633
-5.0,41.5,6536920405.982906
-5.0,41.7,6224786858.9743595
-5.0,41.9,6217529380.34188
-5.0,42.1,6278227564.102564
-5.0,42.3,5465173344.017094
-5.0,42.5,5167280448.717949
-5.0,42.7,5075516292.735043
-5.0,42.9,4848364316.239316
-5.0,43.1,4687058226.495727
-5.0,43.3,4535114049.145299
-5.0,43.5,3989720886.7521367
-5.0,43.7,4218582799.145299
-5.0,43.9,4038383279.91453
-5.0,44.1,3602880341.8803415
-5.0,44.3,3727392094.017094
-5.0,44.5,3387432425.213675
-5.0,44.7,3505837873.931624
-5.0,44.9,3333808493.589743
-5.0,45.1,3004638087.6068377
-5.0,45.3,2996505074.786325
-5.0,45.5,2683363808.760684
-5.0,45.7,2507499866.4529915
-5.0,45.9,2133063301.2820513
-5.0,46.1,2354070512.820513
-5.0,46.3,2351866987.179487
-5.0,46.5,2054225427.3504274
-5.0,46.7,1904035790.5982907
-5.0,46.9,1668661858.974359
-5.0,47.1,1772900641.025641
-5.0,47.3,1718223824.7863247
-5.0,47.5,1605301014.957265
-5.0,47.7,1476283920.9401708
-5.0,47.9,1398832264.957265
-5.0,48.1,1519420940.17094
-5.0,48.3,1290241185.897436
-5.0,48.5,1273287927.3504274
-5.0,48.7,1358380074.7863247
-5.0,48.9,1385843750.0
-5.0,49.1,1031766025.6410257
-5.0,49.3,1094522435.897436
-5.0,49.5,1068024305.5555555
-5.0,49.7,1061638621.7948718
-5.0,49.9,848924412.3931624
-5.0,50.1,718852564.1025641
-5.0,50.3,865253472.2222223
-5.0,50.5,633459935.8974359
-5.0,50.7,496229433.7606837
-5.0,50.9,500122863.24786323
-5.0,51.1,377805876.0683761
-5.0,51.3,442931410.2564103
-5.0,51.5,407177938.0341881
-5.0,51.7,411660523.50427353
-5.0,51.9,349335443.37606835
-5.0,52.1,358510149.5726496
-5.0,52.3,253165865.3846154
-5.0,52.5,236845085.47008547
-5.0,52.7,252099893.16239318
-5.0,52.9,256160229.7008547
-5.0,53.1,183579300.2136752
-5.0,53.3,173995913.46153846
-5.0,53.5,176745325.85470083
-5.0,53.7,158284775.64102563
-5.0,53.9,131615357.90598291
-5.0,54.1,198768162.3931624
-5.0,54.3,106505341.88034187
-5.0,54.5,151534401.7094017
-5.0,54.7,114571394.23076923
-5.0,54.9,84327136.75213675
-5.0,55.1,52644497.86324786
-5.0,55.3,68454326.92307691
-5.0,55.5,57234508.547008544
-5.0,55.7,63699252.136752136
-5.0,55.9,127417735.04273504
-5.0,56.1,20141826.923076924
-5.0,56.3,42280982.905982904
-5.0,56.5,34577991.452991456
-5.0,56.7,18079594.017094016
-5.0,56.9,11918536.324786326
-5.0,57.1,25404914.52991453
-5.0,57.3,32288167.735042736
-5.0,57.5,8389049.145299146
-5.0,57.7,12834668.803418802
-5.0,57.9,18951121.794871796
-5.0,58.1,22135416.666666668
-5.0,58.3,9044070.512820512
-5.0,58.5,20014690.170940172
-5.0,58.7,6189903.846153846
-5.0,58.9,8620459.401709402
-5.0,59.1,21831997.86324786
-5.0,59.3,2258867.5213675215
-5.0,59.5,1303926.282051282
-5.0,59.7,1671447.6495726495
-5.0,59.9,2830662.393162393
-5.0,60.1,1764102.5641025642
-5.0,60.3,23542467.948717948
-5.0,60.5,17112179.487179488
-5.0,60.7,1094391.0256410257
-5.0,60.9,2486164.52991453
-5.0,61.1,2042067.3076923075
-5.0,61.3,4709134.615384615
-5.0,61.5,2669017.094017094
-5.0,61.7,25064636.752136752
-5.0,61.9,7496794.871794872
5.0,0.1,49219744391.02564
5.0,0.3,38019937767.09402
5.0,0.5,37237441773.50427
5.0,0.7,36982117521.36752
5.0,0.9,38424350694.44444
5.0,1.1,37666413728.63248
5.0,1.3,40958223824.78632
5.0,1.5,39890176282.051285
5.0,1.7,40567218750.0
5.0,1.9,39692020032.051285
5.0,2.1,40368819711.53846
5.0,2.3,42086354433.76068
5.0,2.5,41904455395.29914
5.0,2.7,43460141292.73505
5.0,2.9,44623498130.34188
5.0,3.1,44648437500.0
5.0,3.3,45101063301.28205
5.0,3.5,47161952457.26495
5.0,3.7,47411587606.8376
5.0,3.9,47836770833.333336
5.0,4.1,48071612980.769226
5.0,4.3,48786183226.49573
5.0,4.5,48736242521.367516
5.0,4.7,48948205128.205124
5.0,4.9,51395854700.8547
5.0,5.1,49789321271.36752
5.0,5.3,50707935363.24786
5.0,5.5,50538533653.84615
5.0,5.7,52376236645.29914
5.0,5.9,54020880074.78632
5.0,6.1,53238533386.75213
5.0,6.3,53969149572.649574
5.0,6.5,52683512286.32478
5.0,6.7,53892280982.90598
5.0,6.9,53873835470.08547
5.0,7.1,55909460737.17949
5.0,7.3,56071458333.333336
5.0,7.5,55998937232.90598
5.0,7.7,57591773504.273506
5.0,7.9,57466216773.50428
5.0,8.1,56214322916.666664
5.0,8.3,55029655448.71795
5.0,8.5,57491696047.008545
5.0,8.7,55082139155.9829
5.0,8.9,55703974358.97436
5.0,9.1,57830961004.273506
5.0,9.3,58312860576.92307
5.0,9.5,57900558493.589745
5.0,9.7,56652270566.23932
5.0,9.9,56550768162.393166
5.0,10.1,56703821047.00855
5.0,10.3,56111147435.89744
5.0,10.5,57048017628.20513
5.0,10.7,56635365918.80342
5.0,10.9,55500942574.78632
5.0,11.1,57443050213.67521
5.0,11.3,56688538995.726494
5.0,11.5,56723219284.188034
5.0,11.7,55769111111.11111
5.0,11.9,56674810363.24786
5.0,12.1,56826846688.03418
5.0,12.3,55759482905.9829
5.0,12.5,55174692841.88034
5.0,12.7,55907335737.17949
5.0,12.9,56040678151.7094
5.0,13.1,57292513354.70085
5.0,13.3,55894767628.205124
5.0,13.5,55905899572.649574
5.0,13.7,54518966346.15385
5.0,13.9,52692532051.28205
5.0,14.1,53932868589.74359
5.0,14.3,54355940170.94017
5.0,14.5,54090651709.40171
5.0,14.7,52835574252.13675
5.0,14.9,53138624465.811966
5.0,15.1,53054443643.16239
5.0,15.3,51780752403.84615
5.0,15.5,50178161324.78633
5.0,15.7,51612479166.666664
5.0,15.9,49927363247.86325
5.0,16.1,49241842147.4359
5.0,16.3,49108782051.28205
5.0,16.5,49212573183.76068
5.0,16.7,48763854166.666664
5.0,16.9,47685317841.88034
5.0,17.1,50051794871.79487
5.0,17.3,49868144230.769226
5.0,17.5,47575833333.333336
5.0,17.7,47438861645.29915
5.0,17.9,46519679487.17949
5.0,18.1,46595513621.794876
5.0,18.3,46713063568.37607
5.0,18.5,46576276976.49573
5.0,18.7,46216597222.22222
5.0,18.9,45383269230.76923
5.0,19.1,45671781517.09402
5.0,19.3,46155064102.5641
5.0,19.5,46357761752.13675
5.0,19.7,43730844017.09402
5.0,19.9,44933099358.97436
5.0,20.1,42818146100.42735
5.0,20.3,42880353899.57265
5.0,20.5,44523771367.52137
5.0,20.7,42508360309.829056
5.0,20.9,41505053418.80342
5.0,21.1,41051163728.63248
5.0,21.3,42617518696.5812
5.0,21.5,41096041666.666664
5.0,21.7,40059139957.26495
5.0,21.9,39510596233.97436
5.0,22.1,39549010416.666664
5.0,22.3,38956165865.38461
5.0,22.5,39078974091.88034
5.0,22.7,38570616720.08547
5.0,22.9,38912449519.23077
5.0,23.1,40274366185.89743
5.0,23.3,37363019497.86325
5.0,23.5,38308845085.470085
5.0,23.7,36844039529.91453
5.0,23.9,37004032745.726494
5.0,24.1,36511879647.4359
5.0,24.3,35743887820.51282
5.0,24.5,34094520299.145298
5.0,24.7,35627267307.69231
5.0,24.9,35148334935.89744
5.0,25.1,35651232104.70086
5.0,25.3,32947863247.863247
5.0,25.5,33745307158.11966
5.0,25.7,32410791666.666668
5.0,25.9,32079347756.41026
5.0,26.1,32143173076.923077
5.0,26.3,32189644764.957264
5.0,26.5,30607631944.444447
5.0,26.7,31404330128.205124
5.0,26.9,31248063568.37607
5.0,27.1,30986298611.111107
5.0,27.3,30867685096.153847
5.0,27.5,30113038728.632477
5.0,27.7,29994557425.213676
5.0,27.9,28940704594.017097
5.0,28.1,28521751068.37607
5.0,28.3,29590990918.803417
5.0,28.5,28296167467.948715
5.0,28.7,27301272702.99145
5.0,28.9,27256285523.504276
5.0,29.1,27312180555.555557
5.0,29.3,26383366987.179485
5.0,29.5,26295621233.974358
5.0,29.7,26177841613.247864
5.0,29.9,25492348557.69231
5.0,30.1,25188701121.79487
5.0,30.3,24267259615.384617
5.0,30.5,23877911324.786324
5.0,30.7,23879094551.28205
5.0,30.9,24195507478.632477
5.0,31.1,23152385149.57265
5.0,31.3,21556145833.333332
5.0,31.5,23018629807.692307
5.0,31.7,22618659188.034187
5.0,31.9,21750144230.76923
5.0,32.1,20667280982.905983
5.0,32.3,19894708867.521366
5.0,32.5,20132767094.017094
5.0,32.7,19929505876.068375
5.0,32.9,18472313995.726498
5.0,33.1,17904270833.333332
5.0,33.3,18065347222.22222
5.0,33.5,18442430555.555553
5.0,33.7,18564516559.82906
5.0,33.9,17829794337.60684
5.0,34.1,17405162927.350426
5.0,34.3,16403544337.606838
5.0,34.5,16910443376.068377
5.0,34.7,16646452991.452991
5.0,34.9,16900438034.188034
5.0,35.1,16131818108.97436
5.0,35.3,15824163194.444445
5.0,35.5,15343725160.25641
5.0,35.7,15678154380.34188
5.0,35.9,14204863782.051281
5.0,36.1,14623082264.957264
5.0,36.3,14117729700.8547
5.0,36.5,14124078525.641026
5.0,36.7,14111533119.65812
5.0,36.9,12855526175.213675
5.0,37.1,12312994123.931623
5.0,37.3,12624751602.564102
5.0,37.5,12371805555.555555
5.0,37.7,11832134081.19658
5.0,37.9,11324390758.547009
5.0,38.1,11459038995.726496
5.0,38.3,10917145833.333332
5.0,38.5,10578632211.538462
5.0,38.7,10513670673.076923
5.0,38.9,10294354967.948717
5.0,39.1,10084978205.128204
5.0,39.3,9202180101.495726
5.0,39.5,8654143429.487179
5.0,39.7,8497068082.264957
5.0,39.9,8361861645.299145
5.0,40.1,8777341346.153847
5.0,40.3,8067761538.461538
5.0,40.5,7294635977.564102
5.0,40.7,7305274278.846153
5.0,40.9,7083612446.581197
5.0,41.1,6909716613.247863
5.0,41.3,6692735042.735043
5.0,41.5,6285151175.2136755
5.0,41.7,6738889957.264956
5.0,41.9,6743709134.615385
5.0,42.1,6494124198.717949
5.0,42.3,5782581196.581196
5.0,42.5,5870065170.94017
5.0,42.7,5305528846.153846
5.0,42.9,4990204059.82906
5.0,43.1,4971165678.418803
5.0,43.3,4873361378.205128
5.0,43.5,4479545138.888888
5.0,43.7,4351251869.658119
5.0,43.9,3684758012.8205123
5.0,44.1,3832907585.4700856
5.0,44.3,4003914529.9145303
5.0,44.5,3516891025.6410255
5.0,44.7,3146858974.3589745
5.0,44.9,3450106837.6068377
5.0,45.1,3615034722.2222223
5.0,45.3,3062067307.6923075
5.0,45.5,2895379273.5042734
5.0,45.7,2843648504.2735043
5.0,45.9,2966299946.5811963
5.0,46.1,2830832264.9572654
5.0,46.3,2236754807.6923075
5.0,46.5,2012919337.6068375
5.0,46.7,2046447649.5726495
5.0,46.9,1963672542.7350428
5.0,47.1,2279196047.008547
5.0,47.3,1890069444.4444444
5.0,47.5,1938541666.6666667
5.0,47.7,2045627670.940171
5.0,47.9,1574115117.5213673
5.0,48.1,1278253205.128205
5.0,48.3,1251330128.2051282
5.0,48.5,1464997329.059829
5.0,48.7,1276077724.3589745
5.0,48.9,1121735576.9230769
5.0,49.1,889363782.051282
5.0,49.3,820936698.7179488
5.0,49.5,821297542.7350427
5.0,49.7,701284722.2222222
5.0,49.9,880606303.4188035
5.0,50.1,618546741.4529915
5.0,50.3,587435363.2478632
5.0,50.5,449996794.8717948
5.0,50.7,453663461.53846157
5.0,50.9,341832264.95726496
5.0,51.1,439306356.8376068
5.0,51.3,465395032.05128205
5.0,51.5,415739850.4273504
5.0,51.7,228513354.7008547
5.0,51.9,320583867.52136755
5.0,52.1,251669337.6068376
5.0,52.3,212486645.29914528
5.0,52.5,197584668.8034188
5.0,52.7,170134882.47863248
5.0,52.9,173998664.52991453
5.0,53.1,230030448.7179487
5.0,53.3,243622863.24786323
5.0,53.5,146967147.43589744
5.0,53.7,151564369.65811965
5.0,53.9,178997863.24786326
5.0,54.1,184337072.64957264
5.0,54.3,167119123.93162394
5.0,54.5,137854166.6666667
5.0,54.7,52677884.61538461
5.0,54.9,65974278.84615385
5.0,55.1,20716212.606837604
5.0,55.3,25988568.376068376
5.0,55.5,11480502.136752138
5.0,55.7,21437767.094017096
5.0,55.9,9721768.162393162
5.0,56.1,19837473.29059829
5.0,56.3,5940464.743589744
5.0,56.5,24645299.145299148
5.0,56.7,26877056.623931624
5.0,56.9,9152350.427350428
5.0,57.1,8614877.136752136
5.0,57.3,33374519.230769232
5.0,57.5,9229914.52991453
5.0,57.7,10687847.222222222
5.0,57.9,87433226.4957265
5.0,58.1,18532852.564102564
5.0,58.3,32782852.564102564
5.0,58.5,16523504.273504272
5.0,58.7,10012553.418803418
5.0,58.9,40748664.52991453
5.0,59.1,15830395.299145298
5.0,59.3,8454594.017094018
5.0,59.5,12295138.88888889
5.0,59.7,11424679.487179486
5.0,59.9,38880876.068376064
5.0,63.7,10337606.837606838
5.0,63.9,7908386.752136752
5.0,64.1,12860309.829059828
5.0,71.5,23681891.025641024
5.0,80.1,7608974.358974359
5.0,80.3,1697542.7350427348
5.0,80.5,34172809.829059824
5.0,80.7,17457291.666666668
15.0,0.1,3836539262.820513
15.0,0.3,4300865918.803418
15.0,0.5,4488052350.42735
15.0,0.7,4880927350.42735
15.0,0.9,5468658920.94017
15.0,1.1,5354555261.752136
15.0,1.3,5539747329.059829
15.0,1.5,5893030715.811966
15.0,1.7,5843001575.854701
15.0,1.9,6874690384.615385
15.0,2.1,7097224519.230769
15.0,2.3,6744538541.666667
15.0,2.5,7455580528.846154
15.0,2.7,7897843028.846154
15.0,2.9,8060714636.752137
15.0,3.1,7487208814.102564
15.0,3.3,7843726923.076922
15.0,3.5,8215520833.333333
15.0,3.7,8361716613.247864
15.0,3.9,8260076388.888889
15.0,4.1,8387781249.999999
15.0,4.3,9259512553.418804
15.0,4.5,9754285363.247864
15.0,4.7,10193216613.247862
15.0,4.9,10056859241.452991
15.0,5.1,10693770405.982906
15.0,5.3,10742972756.410255
15.0,5.5,10014536672.008547
15.0,5.7,10709841880.341879
15.0,5.9,10937294871.794872
15.0,6.1,11170101762.820513
15.0,6.3,11285836004.273504
15.0,6.5,12192372329.05983
15.0,6.7,12876793269.23077
15.0,6.9,13407265491.45299
15.0,7.1,12938936672.008549
15.0,7.3,13064067895.299145
15.0,7.5,12441739155.982908
15.0,7.7,13674957799.1453
15.0,7.9,13544209935.897436
15.0,8.1,14012141826.923075
15.0,8.3,14456135683.760685
15.0,8.5,13597637553.418804
15.0,8.7,14289922008.54701
15.0,8.9,15359705475.427351
15.0,9.1,15375065170.940172
15.0,9.3,15578739316.239317
15.0,9.5,16073371420.94017
15.0,9.7,16020652590.811966
15.0,9.9,17141225507.478632
15.0,10.1,17171568055.555555
15.0,10.3,16699351762.820513
15.0,10.5,17801788995.726494
15.0,10.7,16902409214.74359
15.0,10.9,18134900160.25641
15.0,11.1,18109229967.94872
15.0,11.3,19397194711.538464
15.0,11.5,18481245459.40171
15.0,11.7,18506396100.42735
15.0,11.9,19090584935.897434
15.0,12.1,18703533653.846153
15.0,12.3,18194980502.136753
15.0,12.5,18667122863.247864
15.0,12.7,18558108440.17094
15.0,12.9,19425245459.40171
15.0,13.1,20090138888.88889
15.0,13.3,21082489850.42735
15.0,13.5,20515824519.23077
15.0,13.7,20264671474.358974
15.0,13.9,20258317307.692307
15.0,14.1,19714415331.19658
15.0,14.3,20946471688.034187
15.0,14.5,21975111912.39316
15.0,14.7,21938572916.666668
15.0,14.9,21901070512.82051
15.0,15.1,22222397809.82906
15.0,15.3,21309089209.40171
15.0,15.5,22304491987.179485
15.0,15.7,22744522702.991455
15.0,15.9,22669360042.735043
15.0,16.1,23048266826.923077
15.0,16.3,22825513621.794872
15.0,16.5,21923650641.02564
15.0,16.7,22108584134.615387
15.0,16.9,21966840491.45299
15.0,17.1,22395335470.08547
15.0,17.3,21924240651.7094
15.0,17.5,22573749198.717945
15.0,17.7,22314899038.46154
15.0,17.9,22937852564.102562
15.0,18.1,23683835737.179485
15.0,18.3,22968353098.2906
15.0,18.5,23168623397.4359
15.0,18.7,23075366720.085472
15.0,18.9,23180851495.726498
15.0,19.1,23480038194.444447
15.0,19.3,22382731570.51282
15.0,19.5,23645854166.666668
15.0,19.7,23449293002.136753
15.0,19.9,22321677884.615383
15.0,20.1,22534638888.88889
15.0,20.3,21531224626.068375
15.0,20.5,22130814102.564102
15.0,20.7,22318092681.62393
15.0,20.9,21968039529.914528
15.0,21.1,22324727564.102562
15.0,21.3,22724707799.145298
15.0,21.5,21678467681.62393
15.0,21.7,21628662927.35043
15.0,21.9,22047552083.333332
15.0,22.1,22190866533.119656
15.0,22.3,22068460470.08547
15.0,22.5,21654869391.02564
15.0,22.7,21487788728.632477
15.0,22.9,21805467948.71795
15.0,23.1,21443565838.675213
15.0,23.3,21697176014.957264
15.0,23.5,22025851762.820515
15.0,23.7,20710752377.13675
15.0,23.9,21368513354.700855
15.0,24.1,21505195245.726494
15.0,24.3,20111393963.675213
15.0,24.5,20311674412.39316
15.0,24.7,20916591346.153847
15.0,24.9,20835069444.444443
15.0,25.1,19768012019.23077
15.0,25.3,20134396901.7094
15.0,25.5,20646088942.307693
15.0,25.7,19006490384.615383
15.0,25.9,19698459134.615383
15.0,26.1,18429021367.521366
15.0,26.3,18473227403.846157
15.0,26.5,18067414690.17094
15.0,26.7,17969276041.666668
15.0,26.9,18032806917.735043
15.0,27.1,18841877270.299145
15.0,27.3,18001033386.752136
15.0,27.5,17905033133.01282
15.0,27.7,17784040170.94017
15.0,27.9,18207200320.51282
15.0,28.1,17835290785.25641
15.0,28.3,17396872115.384613
15.0,28.5,17671610122.863247
15.0,28.7,17287809668.803417
15.0,28.9,16855287366.452991
15.0,29.1,17272679807.692307
15.0,29.3,16616820886.752136
15.0,29.5,15660827590.811964
15.0,29.7,15379102964.743591
15.0,29.9,15865743723.290598
15.0,30.1,15177251041.666666
15.0,30.3,15998017628.205128
15.0,30.5,14420987980.769232
15.0,30.7,14105916933.760683
15.0,30.9,14313158920.94017
15.0,31.1,13450003739.31624
15.0,31.3,12425211538.461538
15.0,31.5,13628192574.786324
15.0,31.7,13157340544.871794
15.0,31.9,12705187900.641024
15.0,32.1,12553909188.034187
15.0,32.3,12137307692.307692
15.0,32.5,12760331196.581196
15.0,32.7,13106696047.008547
15.0,32.9,11921097756.410255
15.0,33.1,12678373397.435898
15.0,33.3,11354441773.504272
15.0,33.5,11753629807.692308
15.0,33.7,10647040598.290598
15.0,33.9,10993277243.589743
15.0,34.1,10296274038.461538
15.0,34.3,9866597222.222221
15.0,34.5,9906367521.367521
15.0,34.7,9770969551.282051
15.0,34.9,10115090811.965813
15.0,35.1,9383202457.264957
15.0,35.3,9464615384.615385
15.0,35.5,8874425213.675213
15.0,35.7,8708744658.119658
15.0,35.9,8218795405.982905
15.0,36.1,8190376602.564102
15.0,36.3,7922403044.871796
15.0,36.5,7888353632.478633
15.0,36.7,7941211004.273504
15.0,36.9,7153472756.410256
15.0,37.1,7413851495.726496
15.0,37.3,7349162660.256411
15.0,37.5,6939403846.153847
15.0,37.7,6409205662.393163
15.0,37.9,6956048611.111112
15.0,38.1,6596533119.658119
15.0,38.3,6086235576.923076
15.0,38.5,6052962873.931623
15.0,38.7,6277282318.376068
15.0,38.9,6024048611.111111
15.0,39.1,5572669070.51282
15.0,39.3,5338603632.478632
15.0,39.5,5086201121.794871
15.0,39.7,4965215544.871795
15.0,39.9,4767943643.162394
15.0,40.1,4664836538.461538
15.0,40.3,4496053685.897436
15.0,40.5,4141368856.837607
15.0,40.7,4201220352.564102
15.0,40.9,4000446020.2991457
15.0,41.1,3484948931.6239314
15.0,41.3,3668495619.6581197
15.0,41.5,2957306303.418803
15.0,41.7,3004007371.7948713
15.0,41.9,3193871260.68376
15.0,42.1,2850993108.974359
15.0,42.3,2858420379.273504
15.0,42.5,2759573530.9829063
15.0,42.7,2799153739.3162394
15.0,42.9,2446591613.2478633
15.0,43.1,2576369391.025641
15.0,43.3,2173094097.222222
15.0,43.5,2258331997.863248
15.0,43.7,2082291132.4786327
15.0,43.9,1779885229.7008548
15.0,44.1,1797384214.7435899
15.0,44.3,1850638595.08547
15.0,44.5,1735534455.128205
15.0,44.7,1561295405.9829059
15.0,44.9,1594775106.837607
15.0,45.1,1546223637.8205125
15.0,45.3,1389045272.4358974
15.0,45.5,1544745459.4017096
15.0,45.7,1541933787.3931625
15.0,45.9,1328001869.6581197
15.0,46.1,1117108199.7863247
15.0,46.3,1330850373.931624
15.0,46.5,1155370432.6923077
15.0,46.7,1143580662.3931623
15.0,46.9,855374732.9059829
15.0,47.1,938288782.051282
15.0,47.3,940888675.2136751
15.0,47.5,812806704.0598291
15.0,47.7,917751602.5641025
15.0,47.9,831185096.1538461
15.0,48.1,683146100.4273504
15.0,48.3,636388888.8888888
15.0,48.5,760864850.4273504
15.0,48.7,509424946.5811966
15.0,48.9,471450053.4188034
15.0,49.1,407773237.17948717
15.0,49.3,292053151.7094017
15.0,49.5,295763087.6068376
15.0,49.7,339399839.74358976
15.0,49.9,274616185.8974359
15.0,50.1,228144230.76923075
15.0,50.3,217510096.15384614
15.0,50.5,194700053.41880345
15.0,50.7,203960977.56410256
15.0,50.9,148313034.18803418
15.0,51.1,142133440.17094016
15.0,51.3,160026442.30769232
15.0,51.5,184399305.55555558
15.0,51.7,116910790.5982906
15.0,51.9,101565438.03418803
15.0,52.1,124558066.23931624
15.0,52.3,234617788.46153843
15.0,52.5,88779166.66666666
15.0,52.7,120248904.91452992
15.0,52.9,98960790.59829059
15.0,53.1,102673344.01709402
15.0,53.3,38287980.76923077
15.0,53.5,35602083.33333333
15.0,53.7,69909134.61538461
15.0,53.9,38657879.27350427
15.0,54.1,23550747.86324786
15.0,54.3,21852029.914529912
15.0,54.5,11154113.247863248
15.0,54.7,41207264.95726496
15.0,54.9,27982371.794871792
15.0,55.1,5830582.264957264
15.0,55.3,3025000.0
15.0,55.5,44437847.22222222
15.0,55.7,1874172.0085470087
15.0,55.9,2857104.700854701
15.0,56.1,15749732.905982906
15.0,56.3,34604700.854700856
15.0,56.5,1136217.9487179487
15.0,57.9,93803.4188034188
15.0,64.1,10473824.786324786
15.0,64.3,27908653.846153844
15.0,64.5,6477297.008547008
25.0,0.1,1792117254.2735045
25.0,0.3,2403727297.008547
25.0,0.5,2222606837.6068377
25.0,0.7,2646033653.8461537
25.0,0.9,3039014690.1709404
25.0,1.1,2682974091.880342
25.0,1.3,2674267361.111111
25.0,1.5,2944520032.051282
25.0,1.7,3290488247.863248
25.0,1.9,3381949519.230769
25.0,2.1,3361986912.3931623
25.0,2.3,3640976228.6324787
25.0,2.5,4142773504.273504
25.0,2.7,3587666132.4786325
25.0,2.9,3780233173.0769234
25.0,3.1,3630904700.8547006
25.0,3.3,4145707478.632478
25.0,3.5,4125917280.982906
25.0,3.7,4033389610.0427346
25.0,3.9,4064716239.31624
25.0,4.1,4573620459.40171
25.0,4.3,4428598183.760683
25.0,4.5,4535491773.504273
25.0,4.7,4693706757.478633
25.0,4.9,5408698450.854701
25.0,5.1,5089821314.102564
25.0,5.3,5403155982.905982
25.0,5.5,5402017628.205129
25.0,5.7,5026893429.487179
25.0,5.9,5358641826.923077
25.0,6.1,5528958333.333333
25.0,6.3,5812470619.658119
25.0,6.5,5726385683.760683
25.0,6.7,5629000534.188034
25.0,6.9,5835192307.692307
25.0,7.1,5597631410.25641
25.0,7.3,5724440705.128205
25.0,7.5,6129518162.393163
25.0,7.7,6492370192.307692
25.0,7.9,6063849465.811966
25.0,8.1,6525103739.316238
25.0,8.3,6766855502.136752
25.0,8.5,6672518429.487179
25.0,8.7,6989828525.641025
25.0,8.9,6897240918.803419
25.0,9.1,7171324252.136751
25.0,9.3,6498081997.863248
25.0,9.5,6854994925.2136755
25.0,9.7,6618880876.068376
25.0,9.9,6697506410.25641
25.0,10.1,7146752136.752136
25.0,10.3,6758909722.222221
25.0,10.5,6791937500.0
25.0,10.7,7442371527.777779
25.0,10.9,7669648504.273504
25.0,11.1,7613277697.649572
25.0,11.3,7430724358.9743595
25.0,11.5,7570634161.324785
25.0,11.7,7951061324.7863245
25.0,11.9,7975230475.42735
25.0,12.1,8208142361.111111
25.0,12.3,7960291399.57265
25.0,12.5,8334552350.42735
25.0,12.7,7548170940.17094
25.0,12.9,8361067841.880342
25.0,13.1,7957361111.111111
25.0,13.3,8360916132.478632
25.0,13.5,8203808760.683761
25.0,13.7,8148257211.538462
25.0,13.9,8191316773.504273
25.0,14.1,8427275641.0256405
25.0,14.3,8056589209.40171
25.0,14.5,8042561431.623932
25.0,14.7,8905308894.230768
25.0,14.9,8801991506.410257
25.0,15.1,8901759695.512821
25.0,15.3,9053236565.17094
25.0,15.5,9371622061.96581
25.0,15.7,8968683760.683762
25.0,15.9,8987465277.777777
25.0,16.1,8672033920.94017
25.0,16.3,9587192841.880342
25.0,16.5,8831656517.094017
25.0,16.7,8811849965.277779
25.0,16.9,9037205929.487179
25.0,17.1,9378946314.102564
25.0,17.3,8759238782.051281
25.0,17.5,9455251068.376068
25.0,17.7,8856418269.230768
25.0,17.9,9008648504.273504
25.0,18.1,8750666666.666666
25.0,18.3,8236438034.188034
25.0,18.5,8481666639.957266
25.0,18.7,8946545165.59829
25.0,18.9,9197397702.991453
25.0,19.1,8723311271.367521
25.0,19.3,8453179220.085469
25.0,19.5,9098148237.179487
25.0,19.7,8730079594.017094
25.0,19.9,8669941239.316238
25.0,20.1,8361386217.948718
25.0,20.3,8615710470.08547
25.0,20.5,8323235844.017094
25.0,20.7,8533398878.205128
25.0,20.9,8317095886.752137
25.0,21.1,8597910523.504274
25.0,21.3,8257430128.205128
25.0,21.5,8422035790.598291
25.0,21.7,8225918028.846153
25.0,21.9,8524039449.7863245
25.0,22.1,8655694978.632479
25.0,22.3,9192595219.017094
25.0,22.5,9251737980.769232
25.0,22.7,8846450320.512821
25.0,22.9,8432104700.854701
25.0,23.1,8106092414.529915
25.0,23.3,8364385683.760684
25.0,23.5,8912214209.401709
25.0,23.7,8529155448.717948
25.0,23.9,8725192307.692308
25.0,24.1,7769000427.350427
25.0,24.3,7267563034.188034
25.0,24.5,7475528846.153846
25.0,24.7,7546941773.504273
25.0,24.9,6940788461.538462
25.0,25.1,7411725427.350428
25.0,25.3,7160379273.504273
25.0,25.5,7326642895.299146
25.0,25.7,7618530982.905983
25.0,25.9,7502193643.162393
25.0,26.1,7399884348.290599
25.0,26.3,6900545138.888889
25.0,26.5,6389732905.982906
25.0,26.7,6326436431.623931
25.0,26.9,6306088675.2136755
25.0,27.1,6177944444.444444
25.0,27.3,6770934829.059829
25.0,27.5,6680778044.871795
25.0,27.7,6692029113.247864
25.0,27.9,6493127938.034188
25.0,28.1,6647107371.794871
25.0,28.3,6850452190.170939
25.0,28.5,6008394764.957265
25.0,28.7,6349607104.700854
25.0,28.9,5962318376.068376
25.0,29.1,6681471688.034188
25.0,29.3,6123911591.880342
25.0,29.5,5878408653.846154
25.0,29.7,5919371527.777779
25.0,29.9,5934612713.675214
25.0,30.1,5937972489.316239
25.0,30.3,5656100427.350428
25.0,30.5,5290164797.008547
25.0,30.7,5464022435.897436
25.0,30.9,5076543803.418803
25.0,31.1,5273675213.675214
25.0,31.3,4812761485.042735
25.0,31.5,4902333600.42735
25.0,31.7,5000303418.803419
25.0,31.9,5086412767.094017
25.0,32.1,5112155448.717949
25.0,32.3,4613899305.555555
25.0,32.5,4317321047.008547
25.0,32.7,4855866185.897436
25.0,32.9,4633814102.564102
25.0,33.1,4098135683.7606835
25.0,33.3,3854822115.384615
25.0,33.5,3976735844.0170937
25.0,33.7,4085391559.82906
25.0,33.9,3886520833.333333
25.0,34.1,3934722489.3162394
25.0,34.3,3541485309.82906
25.0,34.5,3342106036.324786
25.0,34.7,3096354967.948718
25.0,34.9,3271366987.179487
25.0,35.1,3117557692.3076925
25.0,35.3,2906091880.3418803
25.0,35.5,3090308760.683761
25.0,35.7,2609485042.7350426
25.0,35.9,2670583199.7863245
25.0,36.1,2362087606.837607
25.0,36.3,2586366720.0854697
25.0,36.5,2509619658.119658
25.0,36.7,2319407051.282051
25.0,36.9,2190477831.1965814
25.0,37.1,2101232371.7948718
25.0,37.3,1996483707.2649572
25.0,37.5,1915218482.905983
25.0,37.7,1779633279.9145298
25.0,37.9,1820384615.3846154
25.0,38.1,1730763888.8888888
25.0,38.3,1723330662.3931623
25.0,38.5,2134513888.8888888
25.0,38.7,1790405982.905983
25.0,38.9,1492494658.119658
25.0,39.1,1642521367.5213675
25.0,39.3,1460093482.905983
25.0,39.5,1686388888.8888888
25.0,39.7,1416188568.3760684
25.0,39.9,1550596955.128205
25.0,40.1,1256378472.222222
25.0,40.3,1488931623.931624
25.0,40.5,1206247863.2478633
25.0,40.7,1180274572.6495726
25.0,40.9,1310632478.6324785
25.0,41.1,999782318.3760684
25.0,41.3,1003663194.4444444
25.0,41.5,959890491.4529915
25.0,41.7,1025006143.1623931
25.0,41.9,911396634.6153847
25.0,42.1,895392895.2991452
25.0,42.3,876812767.0940171
25.0,42.5,824937499.9999999
25.0,42.7,806725427.3504274
25.0,42.9,671149839.7435898
25.0,43.1,434971153.84615386
25.0,43.3,351410523.50427353
25.0,43.5,470086805.5555555
25.0,43.7,408219017.09401715
25.0,43.9,269674358.974359
25.0,44.1,404005181.62393165
25.0,44.3,375261084.4017094
25.0,44.5,264850908.11965808
25.0,44.7,401311992.52136755
25.0,44.9,306664877.1367521
25.0,45.1,268261111.11111107
25.0,45.3,247641132.47863248
25.0,45.5,227889423.07692307
25.0,45.7,190092414.52991453
25.0,45.9,354360576.9230769
25.0,46.1,216352029.9145299
25.0,46.3,261312419.87179485
25.0,46.5,193985042.73504272
25.0,46.7,199362179.4871795
25.0,46.9,312313034.1880342
25.0,47.1,294853098.2905983
25.0,47.3,170607638.8888889
25.0,47.5,145862980.76923075
25.0,47.7,207634081.19658118
25.0,47.9,171391826.92307693
25.0,48.1,160724893.16239315
25.0,48.3,121711378.2051282
25.0,48.5,63302083.33333334
25.0,48.7,77338942.3076923
25.0,48.9,107619925.2136752
25.0,49.1,200276175.2136752
25.0,49.3,129229166.66666667
25.0,49.5,61116452.99145299
25.0,49.7,70769043.8034188
25.0,49.9,17716853.632478632
25.0,50.1,43556650.64102564
25.0,50.3,33515491.452991456
25.0,50.5,34193910.256410256
25.0,50.7,19683146.367521368
25.0,50.9,12350373.93162393
25.0,51.1,24478952.991452992
25.0,51.3,27672756.410256412
25.0,51.5,18186164.529914528
25.0,51.7,4767307.692307692
25.0,51.9,6863007.478632479
25.0,52.1,9521741.452991452
25.0,52.3,49170272.43589743
25.0,52.5,9266239.316239316
25.0,52.7,46810363.24786325
25.0,52.9,13904113.24786325
25.0,53.1,4586538.461538462
25.0,53.3,29663461.538461536
25.0,53.5,3892361.111111111
25.0,53.7,4378205.128205128
25.0,53.9,2723023.504273504
25.0,54.1,12156784.188034188
25.0,54.3,5068376.068376068
25.0,54.5,15508279.914529914
25.0,54.7,885149.5726495726
25.0,54.9,1324626.0683760683
25.0,55.1,1528579.0598290598
25.0,55.3,1405555.5555555555
25.0,55.5,2163087.606837607
25.0,55.7,1529594.017094017
25.0,55.9,1657345.0854700855
25.0,56.1,1771367.5213675215
25.0,56.3,4136485.042735043
25.0,56.5,2089850.4273504275
25.0,56.7,937980.7692307692
25.0,56.9,1829273.5042735043
25.0,57.1,42732371.79487179
25.0,67.7,13381410.256410256
25.0,67.9,14044337.606837606
25.0,68.1,6801816.239316239
25.0,68.3,3611645.299145299
25.0,68.5,8066506.41025641
25.0,85.3,1944818.376068376
25.0,85.5,7780448.717948718
25.0,85.7,6411591.88034188
25.0,85.9,13971955.12820513
35.0,0.1,484236111.1111111
35.0,0.3,517526442.3076923
35.0,0.5,745622329.059829
35.0,0.7,716458600.4273504
35.0,0.9,736740117.5213675
35.0,1.1,862329941.2393161
35.0,1.3,818486137.8205127
35.0,1.5,886576495.7264959
35.0,1.7,857690277.7777778
35.0,1.9,876390197.6495727
35.0,2.1,858341613.2478632
35.0,2.3,1007570993.5897436
35.0,2.5,978870219.017094
35.0,2.7,942142361.111111
35.0,2.9,1038815170.940171
35.0,3.1,1142310897.4358974
35.0,3.3,1100354967.948718
35.0,3.5,1014662980.7692307
35.0,3.7,1193924145.2991452
35.0,3.9,1342755341.8803418
35.0,4.1,1429901976.4957266
35.0,4.3,1297954273.5042734
35.0,4.5,1410168242.5213675
35.0,4.7,1524982505.34188
35.0,4.9,1500838141.0256412
35.0,5.1,1476091346.153846
35.0,5.3,1389619658.119658
35.0,5.5,1563817841.880342
35.0,5.7,1588670459.4017093
35.0,5.9,1549043536.3247864
35.0,6.1,1531249732.9059827
35.0,6.3,1634605208.3333333
35.0,6.5,1459970619.6581197
35.0,6.7,1526138888.8888888
35.0,6.9,1677009081.1965811
35.0,7.1,1522923076.9230769
35.0,7.3,1741696848.2905984
35.0,7.5,1689166666.6666667
35.0,7.7,1634789797.008547
35.0,7.9,1901413728.6324787
35.0,8.1,1953390277.7777777
35.0,8.3,1960404380.3418803
35.0,8.5,1667242521.3675213
35.0,8.7,1766644150.6410258
35.0,8.9,1950591960.4700854
35.0,9.1,1775223851.4957263
35.0,9.3,1754957291.6666667
35.0,9.5,1681071581.1965811
35.0,9.7,1748847115.3846157
35.0,9.9,1630588541.6666665
35.0,10.1,1754461615.9188035
35.0,10.3,1862381677.3504272
35.0,10.5,1767475694.4444444
35.0,10.7,1771281543.8034186
35.0,10.9,1648374412.3931625
35.0,11.1,1756001602.5641026
35.0,11.3,1864251175.213675
35.0,11.5,1901980208.3333333
35.0,11.7,1912317120.7264957
35.0,11.9,1962787040.5982904
35.0,12.1,1934456650.6410255
35.0,12.3,1991297275.6410255
35.0,12.5,2060147702.9914532
35.0,12.7,1987203792.7350426
35.0,12.9,2505862713.675214
35.0,13.1,1923221153.8461537
35.0,13.3,2283897168.8034186
35.0,13.5,2302558760.6837606
35.0,13.7,2291024732.905983
35.0,13.9,2230191773.5042734
35.0,14.1,2240596420.9401712
35.0,14.3,2224819444.4444447
35.0,14.5,2100075587.6068377
35.0,14.7,2281443643.162393
35.0,14.9,2297555555.555556
35.0,15.1,2569987446.581197
35.0,15.3,2303718750.0
35.0,15.5,2391030715.811966
35.0,15.7,2461217948.717949
35.0,15.9,2244728632.4786325
35.0,16.1,2305509882.4786325
35.0,16.3,2060422542.7350426
35.0,16.5,2013838141.025641
35.0,16.7,1955401148.5042734
35.0,16.9,1968359241.4529912
35.0,17.1,2210485283.119658
35.0,17.3,2094834107.9059825
35.0,17.5,2115187660.2564104
35.0,17.7,2161306623.931624
35.0,17.9,2136786057.6923075
35.0,18.1,1907312473.2905984
35.0,18.3,1794909401.7094018
35.0,18.5,1797587954.0598288
35.0,18.7,1733860710.4700854
35.0,18.9,2087983573.717949
35.0,19.1,1661001736.1111112
35.0,19.3,1753786450.3205128
35.0,19.5,1699731303.4188035
35.0,19.7,1914642387.8205128
35.0,19.9,1618914529.9145298
35.0,20.1,1717501869.6581194
35.0,20.3,1868226495.7264957
35.0,20.5,1832369123.931624
35.0,20.7,1575070245.7264957
35.0,20.9,1707967681.6239316
35.0,21.1,1751865384.6153846
35.0,21.3,1789620993.5897436
35.0,21.5,1395704059.8290598
35.0,21.7,1538769764.957265
35.0,21.9,1487822916.6666667
35.0,22.1,1490702190.1709402
35.0,22.3,1417105502.1367521
35.0,22.5,1624532051.2820513
35.0,22.7,1795950053.4188032
35.0,22.9,1785436965.8119657
35.0,23.1,1635383547.0085468
35.0,23.3,1741898504.2735043
35.0,23.5,1835083333.3333333
35.0,23.7,1603416666.6666665
35.0,23.9,1407152510.6837606
35.0,24.1,1555263354.7008545
35.0,24.3,1527259081.1965814
35.0,24.5,1624175480.7692308
35.0,24.7,1345127938.034188
35.0,24.9,1593553151.7094018
35.0,25.1,1560044070.5128205
35.0,25.3,1266603632.4786325
35.0,25.5,1642907772.435897
35.0,25.7,1524172275.6410255
35.0,25.9,1328510443.3760684
35.0,26.1,1619360042.7350426
35.0,26.3,1279117521.3675213
35.0,26.5,1475613247.8632479
35.0,26.7,1290095619.6581197
35.0,26.9,1109991185.897436
35.0,27.1,1061680822.6495726
35.0,27.3,1033952991.4529915
35.0,27.5,1128608173.0769231
35.0,27.7,1044449519.2307693
35.0,27.9,1192410363.2478633
35.0,28.1,1075524839.7435896
35.0,28.3,1035306623.9316239
35.0,28.5,1066682692.3076923
35.0,28.7,892184829.059829
35.0,28.9,996714743.5897436
35.0,29.1,977236645.2991453
35.0,29.3,997475427.3504273
35.0,29.5,1041383279.9145299
35.0,29.7,1039620726.4957265
35.0,29.9,788911324.7863249
35.0,30.1,943214476.4957265
35.0,30.3,680481837.6068376
35.0,30.5,817920673.076923
35.0,30.7,639024038.4615384
35.0,30.9,818191773.5042735
35.0,31.1,643323985.042735
35.0,31.3,520733466.8803418
35.0,31.5,598623931.6239315
35.0,31.7,554953044.8717948
35.0,31.9,509370993.58974355
35.0,32.1,479448504.2735043
35.0,32.3,640645566.2393162
35.0,32.5,631835229.7008547
35.0,32.7,607131810.8974359
35.0,32.9,425994658.1196581
35.0,33.1,518891559.82905984
35.0,33.3,588790865.3846153
35.0,33.5,501735042.73504275
35.0,33.7,431829326.9230769
35.0,33.9,546281623.9316239
35.0,34.1,493412259.6153846
35.0,34.3,333299465.8119658
35.0,34.5,341272996.7948718
35.0,34.7,474756517.0940171
35.0,34.9,515086538.46153843
35.0,35.1,417603899.57264954
35.0,35.3,449116720.08547
35.0,35.5,372040491.4529915
35.0,35.7,421292654.9145299
35.0,35.9,230519764.95726496
35.0,36.1,338984508.5470085
35.0,36.3,220827190.1709402
35.0,36.5,293234508.5470085
35.0,36.7,230780448.7179487
35.0,36.9,282951121.79487175
35.0,37.1,217602564.1025641
35.0,37.3,296693189.1025641
35.0,37.5,238765758.5470085
35.0,37.7,261181356.83760685
35.0,37.9,227102430.55555552
35.0,38.1,204030902.77777776
35.0,38.3,206689102.56410256
35.0,38.5,196915064.1025641
35.0,38.7,148069284.18803418
35.0,38.9,133031891.02564102
35.0,39.1,123548050.21367522
35.0,39.3,125848878.20512818
35.0,39.5,150211084.4017094
35.0,39.7,114535790.59829059
35.0,39.9,144333360.04273504
35.0,40.1,122784748.93162394
35.0,40.3,70053579.05982906
35.0,40.5,135266159.18803418
35.0,40.7,83280101.4957265
35.0,40.9,126530715.81196581
35.0,41.1,79547275.64102563
35.0,41.3,84506677.35042734
35.0,41.5,77164529.9145299
35.0,41.7,36050293.8034188
35.0,41.9,53582799.14529914
35.0,42.1,37722195.51282051
35.0,42.3,2108733.9743589745
35.0,42.5,2344567.307692308
35.0,42.7,5596233.974358974
35.0,42.9,7559535.256410256
35.0,43.1,12873103.632478634
35.0,43.3,38672809.82905983
35.0,43.5,38965651.70940171
35.0,43.7,74899038.46153846
35.0,43.9,41322115.384615384
35.0,44.1,37177083.333333336
35.0,44.3,47528044.87179487
35.0,44.5,23778846.153846152
35.0,44.7,22341613.247863248
35.0,45.5,13918002.136752136
35.0,45.7,4780448.717948718
35.0,45.9,4810096.153846154
35.0,46.1,257684.29487179487
35.0,46.5,125053.4188034188
35.0,47.3,107719.0170940171
35.0,65.3,6294871.794871795
35.0,65.5,13952991.452991452
45.0,0.1,27614690.170940172
45.0,0.3,30574225.42735042
45.0,0.5,39044284.18803419
45.0,0.7,68073344.01709402
45.0,0.9,41254994.658119656
45.0,1.1,88899011.75213675
45.0,1.3,78672008.54700853
45.0,1.5,104996287.3931624
45.0,1.7,82336538.46153846
45.0,1.9,57938461.53846154
45.0,2.1,82016292.73504274
45.0,2.3,122423611.11111112
45.0,2.5,82645833.33333334
45.0,2.7,55480956.19658119
45.0,2.9,117040457.07799146
45.0,3.1,34659428.41880342
45.0,3.3,65793910.25641025
45.0,3.5,48986485.04273505
45.0,3.7,52525480.76923077
45.0,3.9,89109748.93162394
45.0,4.1,94247222.22222222
45.0,4.3,105273237.17948718
45.0,4.5,116475427.35042733
45.0,4.7,34154674.145299144
45.0,4.9,78564129.27350427
45.0,5.1,71470860.04273503
45.0,5.3,35103792.735042736
45.0,5.5,70813648.5042735
45.0,5.7,110448050.21367522
45.0,5.9,97137868.58974358
45.0,6.1,89218750.0
45.0,6.3,81519898.5042735
45.0,6.5,100066559.82905982
45.0,6.7,110616639.95726494
45.0,6.9,108894764.95726494
45.0,7.1,169278846.15384614
45.0,7.3,185400106.83760682
45.0,7.5,245340277.77777776
45.0,7.7,127446581.1965812
45.0,7.9,146182345.08547008
45.0,8.1,125311431.62393162
45.0,8.3,122805021.36752136
45.0,8.5,190893696.58119655
45.0,8.7,190117788.46153843
45.0,8.9,167047542.73504272
45.0,9.1,92951388.88888888
45.0,9.3,93124732.90598291
45.0,9.5,238061164.52991453
45.0,9.7,237542922.00854704
45.0,9.9,216248370.7264957
45.0,10.1,201395299.14529914
45.0,10.3,134822115.3846154
45.0,10.5,204873397.43589744
45.0,10.7,278212606.83760685
45.0,10.9,257545673.0769231
45.0,11.1,182509081.19658118
45.0,11.3,214364049.14529914
45.0,11.5,142628205.12820512
45.0,11.7,148965277.77777776
45.0,11.9,146585202.991453
45.0,12.1,128170219.01709402
45.0,12.3,147987500.0
45.0,12.5,139788808.76068375
45.0,12.7,149546073.71794873
45.0,12.9,154298878.2051282
45.0,13.1,143023664.52991453
45.0,13.3,98196581.1965812
45.0,13.5,103472219.55128203
45.0,13.7,116603739.31623933
45.0,13.9,179772435.8974359
45.0,14.1,186178205.12820512
45.0,14.3,183189102.56410256
45.0,14.5,237268589.74358973
45.0,14.7,168242254.27350426
45.0,14.9,185069604.7008547
45.0,15.1,163840010.68376067
45.0,15.3,135441506.41025642
45.0,15.5,152784989.3162393
45.0,15.7,163163728.63247862
45.0,15.9,212934027.77777776
45.0,16.1,132512553.41880341
45.0,16.3,153304754.2735043
45.0,16.5,105092948.71794872
45.0,16.7,132276442.30769232
45.0,16.9,214603365.3846154
45.0,17.1,70409935.89743589
45.0,17.3,137238247.86324787
45.0,17.5,119119123.93162392
45.0,17.7,118176282.05128206
45.0,17.9,144372329.05982906
45.0,18.1,170976415.5982906
45.0,18.3,172867708.33333334
45.0,18.5,110602510.68376069
45.0,18.7,104892895.2991453
45.0,18.9,77499198.7179487
45.0,19.1,93668803.41880341
45.0,19.3,96523504.27350427
45.0,19.5,81350427.35042734
45.0,19.7,111784188.03418803
45.0,19.9,99430555.55555557
45.0,20.1,115169038.46153846
45.0,20.3,96511725.42735042
45.0,20.5,114353525.64102566
45.0,20.7,131480288.46153846
45.0,20.9,72718082.26495726
45.0,21.1,127354887.82051282
45.0,21.3,126013915.59829059
45.0,21.5,62100002.670940176
45.0,21.7,45394471.15384616
45.0,21.9,79597569.44444445
45.0,22.1,62161217.94871796
45.0,22.3,51923904.914529905
45.0,22.5,86824225.42735042
45.0,22.7,75749545.94017094
45.0,22.9,94934989.3162393
45.0,23.1,69129059.82905982
45.0,23.3,72961645.29914531
45.0,23.5,129220539.52991453
45.0,23.7,131305235.04273504
45.0,23.9,80962526.70940171
45.0,24.1,78106490.38461538
45.0,24.3,130571260.68376069
45.0,24.5,72190352.56410256
45.0,24.7,103398504.27350427
45.0,24.9,94890785.25641026
45.0,25.1,57357104.7008547
45.0,25.3,80869791.66666666
45.0,25.5,98033386.75213674
45.0,25.7,107418990.38461538
45.0,25.9,159597756.41025642
45.0,26.1,89069978.63247862
45.0,26.3,47688568.37606837
45.0,26.5,30612179.487179488
45.0,26.7,66088942.30769231
45.0,26.9,25443376.068376068
45.0,27.1,31875534.188034188
45.0,27.3,49481036.32478633
45.0,27.5,34315705.12820513
45.0,27.7,53689743.589743584
45.0,27.9,79471047.00854701
45.0,28.1,53097756.41025641
45.0,28.3,54711805.55555555
45.0,28.5,35047542.735042736
45.0,28.7,9444845.085470086
45.0,28.9,26348023.504273504
45.0,29.1,40332799.145299144
45.0,29.3,20966426.28205128
45.0,29.5,18948504.273504272
45.0,29.7,17294123.931623932
45.0,29.9,6417574.786324786
45.0,30.1,10709882.47863248
45.0,30.3,32815251.068376068
45.0,30.5,26812019.230769232
45.0,30.7,29921073.71794872
45.0,30.9,24191960.47008547
45.0,31.1,44497649.572649576
45.0,31.3,26866346.15384615
45.0,31.5,10579807.692307692
45.0,31.7,2111725.4273504275
45.0,31.9,1047622.8632478632
45.0,32.1,546047.0085470085
45.0,32.3,2786324.7863247865
45.0,32.5,1011511.752136752
45.0,32.7,745486.1111111111
45.0,32.9,2035016.0256410255
45.0,33.1,9817574.786324786
45.0,33.3,26173076.923076924
45.0,33.5,6514957.264957264
45.0,34.5,1324011.752136752
45.0,34.7,1192361.1111111112
45.0,34.9,1333173.0769230768
45.0,35.1,895566.2393162394
45.0,35.3,1257665.5982905983
45.0,35.5,1707986.1111111112
45.0,35.7,7197649.572649573
45.0,35.9,3185630.341880342
45.0,36.1,424278.8461538461
45.0,36.3,1750988.247863248
45.0,36.5,1316426.282051282
45.0,44.5,13796474.358974358
45.0,44.7,8736378.205128206
45.0,58.9,24504273.504273504
45.0,76.9,26632745.726495724
55.0,10.3,7868589.743589743
55.0,10.5,3298878.205128205
55.0,10.7,925320.5128205128
55.0,10.9,931864.3162393161
55.0,11.1,862580.1282051281
55.0,11.3,1838808.7606837607
55.0,11.5,586832.264957265
55.0,11.7,790598.2905982906
55.0,11.9,1362419.8717948718
55.0,12.1,382905.98290598294
55.0,12.3,1180181.623931624
55.0,12.5,512847.2222222222
55.0,12.7,1393376.0683760683
55.0,12.9,874011.7521367521
55.0,13.1,1401602.564102564
55.0,13.3,4080395.299145299
55.0,13.5,6977029.914529914
55.0,14.5,10378472.222222222
55.0,14.7,10895032.05128205
55.0,14.9,10684027.777777778
55.0,15.1,29746260.683760684
55.0,15.3,4375801.282051282
55.0,15.5,3535790.598290598
55.0,53.3,126709.4017094017
55.0,59.1,107719.0170940171
55.0,62.1,1189316.2393162393
55.0,62.3,19240918.803418804
65.0,0.3,21813835.470085472
65.0,8.9,433466.8803418803
65.0,9.1,19664529.914529912
65.0,39.9,7541132.478632479
65.0,40.1,17619925.213675212
65.0,56.5,488087.6068376069
65.0,56.7,6204059.829059829
65.0,56.9,2945512.8205128205
65.0,57.1,25925747.863247864
75.0,87.5,29706196.58119658
95.0,11.9,8841613.247863248
95.0,12.1,9638621.794871794
95.0,12.3,7456196.581196581
95.0,67.1,6124732.905982906
95.0,67.3,18784722.22222222
95.0,71.5,5116720.085470086
95.0,71.7,11131143.162393162
95.0,71.9,4495192.307692308
95.0,107.9,485977.56410256407
95.0,108.1,14323183.760683762
95.0,108.3,9441773.504273504
105.0,107.9,7602029.914529914
